# Chromosome	Position	Reference	Mutant	Coding	Noncoding	Remark
17	7579902	G	A	0.207419		Neutral
17	7579896	G	A	0.146318		Neutral
17	7579894	C	G	0.146815		Neutral
17	7579894	C	T	0.107913		Neutral
17	7579888	T	C	0.262961		Neutral
17	7579887	C	T	0.164393		Neutral
17	7579885	C	T	0.485711		Neutral
17	7579882	C	T	0.247705		Neutral
17	7579882	C	G	0.342610		Neutral
17	7579879	G	A	0.164159		Neutral
17	7579876	G	A	0.138515		Neutral
17	7579872	A	G	0.228261		Neutral
17	7579866	T	A	0.159811		Neutral
17	7579854	G	A	0.177874		Neutral
17	7579844	C	A	0.176631		Neutral
17	7579717	G	C	0.183370		Neutral
17	7579716	G	A	0.191025		Neutral
17	7579717	G	A	0.185872		Neutral
17	7579714	C	T	0.199547		Neutral
17	7579713	T	A	0.178288		Neutral
17	7579707	T	A	0.212435		Neutral
17	7579705	C	T	0.640955		Low-confidence
17	7579589	G	A	0.452218		Neutral
17	7579586	G	A	0.586773		Low-confidence
17	7579587	G	A	0.736419		Low-confidence
17	7579581	G	C	0.785851		Low-confidence
17	7579580	G	A	0.912087		High-confidence
17	7579581	G	A	0.738958		Low-confidence
17	7579572	C	A	0.786757		Low-confidence
17	7579567	C	T	0.823691		Low-confidence
17	7579566	C	G	0.821510		Low-confidence
17	7579563	C	T	0.851984		Low-confidence
17	7579563	C	A	0.810494		Low-confidence
17	7579558	C	G	0.815852		Low-confidence
17	7579559	A	C	0.804808		Low-confidence
17	7579550	G	A	0.753251		Low-confidence
17	7579550	G	T	0.806947		Low-confidence
17	7579547	G	C	0.905449		High-confidence
17	7579545	C	G	0.809581		Low-confidence
17	7579545	C	T	0.832854		Low-confidence
17	7579542	C	G	0.954004		High-confidence
17	7579542	C	T	0.960491		High-confidence
17	7579541	T	A	0.878996		Low-confidence
17	7579538	A	G	0.874303		Low-confidence
17	7579529	C	A	0.842858		Low-confidence
17	7579527	A	G	0.830273		Low-confidence
17	7579521	C	T	0.853248		Low-confidence
17	7579518	C	T	0.782252		Low-confidence
17	7579515	G	T	0.817606		Low-confidence
17	7579512	C	G	0.859392		Low-confidence
17	7579505	T	C	0.931769		High-confidence
17	7579506	C	G	0.893198		High-confidence
17	7579503	C	T	0.911911		High-confidence
17	7579496	G	A	0.868846		Low-confidence
17	7579497	G	A	0.895465		High-confidence
17	7579497	G	T	0.887787		Low-confidence
17	7579493	C	G	0.890221		High-confidence
17	7579489	C	T	0.898209		High-confidence
17	7579490	A	C	0.913848		High-confidence
17	7579488	G	C	0.910452		High-confidence
17	7579488	G	A	0.835973		Low-confidence
17	7579485	C	T	0.856109		Low-confidence
17	7579479	C	T	0.895520		High-confidence
17	7579478	G	A	0.884231		Low-confidence
17	7579476	G	C	0.837150		Low-confidence
17	7579475	G	A	0.874464		Low-confidence
17	7579476	G	A	0.870801		Low-confidence
17	7579473	G	C	0.934813		High-confidence
17	7579472	G	A	0.902601		High-confidence
17	7579472	G	C	0.941695		High-confidence
17	7579473	G	A	0.882172		Low-confidence
17	7579470	C	G	0.976608		High-confidence
17	7579470	C	T	0.941676		High-confidence
17	7579467	C	A	0.857932		Low-confidence
17	7579467	C	T	0.902178		High-confidence
17	7579457	G	A	0.881247		Low-confidence
17	7579451	G	A	0.898981		High-confidence
17	7579448	G	A	0.869201		Low-confidence
17	7579449	G	A	0.895112		High-confidence
17	7579442	G	A	0.916143		High-confidence
17	7579440	C	G	0.973586		High-confidence
17	7579440	C	T	0.837091		Low-confidence
17	7579439	G	A	0.927412		High-confidence
17	7579437	C	T	0.894479		High-confidence
17	7579434	G	C	0.908347		High-confidence
17	7579434	G	A	0.893698		High-confidence
17	7579434	G	T	0.875408		Low-confidence
17	7579430	G	C	0.946463		High-confidence
17	7579431	C	G	0.966706		High-confidence
17	7579431	C	A	0.914678		High-confidence
17	7579427	G	A	0.904222		High-confidence
17	7579428	G	A	0.892884		High-confidence
17	7579421	G	A	0.893960		High-confidence
17	7579422	G	A	0.894571		High-confidence
17	7579418	G	A	0.903166		High-confidence
17	7579419	A	G	0.958969		High-confidence
17	7579419	A	T	0.913375		High-confidence
17	7579415	C	G	0.938299		High-confidence
17	7579413	G	A	0.914989		High-confidence
17	7579413	G	T	0.934118		High-confidence
17	7579410	G	C	0.925096		High-confidence
17	7579406	G	A	0.927756		High-confidence
17	7579403	G	A	0.940189		High-confidence
17	7579400	G	A	0.905376		High-confidence
17	7579400	G	T	0.912225		High-confidence
17	7579397	A	T	0.933811		High-confidence
17	7579398	C	A	0.935068		High-confidence
17	7579394	G	T	0.899592		High-confidence
17	7579394	G	A	0.906275		High-confidence
17	7579395	G	A	0.922063		High-confidence
17	7579391	G	A	0.922949		High-confidence
17	7579383	T	C	0.949783		High-confidence
17	7579382	G	A	0.942463		High-confidence
17	7579379	T	C	0.942574		High-confidence
17	7579380	A	G	0.954668		High-confidence
17	7579375	C	A	0.768761		Low-confidence
17	7579376	T	A	0.915356		High-confidence
17	7579374	C	A	0.855124		Low-confidence
17	7579373	C	T	0.916615		High-confidence
17	7579374	C	G	0.887906		Low-confidence
17	7579374	C	T	0.883558		Low-confidence
17	7579373	C	A	0.915114		High-confidence
17	7579370	C	A	0.919620		High-confidence
17	7579369	G	C	0.920840		High-confidence
17	7579367	T	C	0.938117		High-confidence
17	7579368	A	C	0.926660		High-confidence
17	7579367	T	G	0.972639		High-confidence
17	7579364	C	G	0.923343		High-confidence
17	7579364	C	T	0.923759		High-confidence
17	7579365	C	T	0.968611		High-confidence
17	7579361	A	C	0.927490		High-confidence
17	7579362	A	T	0.928543		High-confidence
17	7579360	G	T	0.926592		High-confidence
17	7579361	A	G	0.961851		High-confidence
17	7579362	A	C	0.934145		High-confidence
17	7579361	A	T	0.928543		High-confidence
17	7579359	G	A	0.961872		High-confidence
17	7579359	G	C	0.962811		High-confidence
17	7579358	C	T	0.958398		High-confidence
17	7579358	C	A	0.963258		High-confidence
17	7579358	C	G	0.967801		High-confidence
17	7579356	G	T	0.907613		High-confidence
17	7579355	A	G	0.948004		High-confidence
17	7579355	A	T	0.922168		High-confidence
17	7579355	A	C	0.929580		High-confidence
17	7579356	G	C	0.912988		High-confidence
17	7579349	A	C	0.929421		High-confidence
17	7579350	A	T	0.914413		High-confidence
17	7579348	G	C	0.907501		High-confidence
17	7579350	A	G	0.947647		High-confidence
17	7579349	A	G	0.958719		High-confidence
17	7579350	A	C	0.910251		High-confidence
17	7579345	C	A	0.951272		High-confidence
17	7579344	G	A	0.929298		High-confidence
17	7579340	G	C	0.907501		High-confidence
17	7579340	G	A	0.907501		High-confidence
17	7579337	C	G	0.887396		Low-confidence
17	7579337	C	A	0.858088		Low-confidence
17	7579334	G	A	0.931616		High-confidence
17	7579331	G	C	0.897431		High-confidence
17	7579329	T	C	0.909511		High-confidence
17	7579328	T	A	0.877853		Low-confidence
17	7579327	C	A	0.879866		Low-confidence
17	7579329	T	G	0.941678		High-confidence
17	7579328	T	C	0.899137		High-confidence
17	7579325	G	T	0.871934		Low-confidence
17	7579317	A	C	0.912239		High-confidence
17	7579317	A	G	0.887938		Low-confidence
17	7579316	C	T	0.890661		High-confidence
17	7579314	T	C	0.912317		High-confidence
17	7579313	G	T	0.933600		High-confidence
17	7579313	G	A	0.933600		High-confidence
17	7579314	T	G	0.941784		High-confidence
17	7579313	G	C	0.937691		High-confidence
17	7578553	T	C	0.951004		High-confidence
17	7578554	A	C	0.967231		High-confidence
17	7578554	A	G	0.957483		High-confidence
17	7578554	A	T	0.952816		High-confidence
17	7578553	T	G	0.968924		High-confidence
17	7578550	G	C	0.941390		High-confidence
17	7578550	G	A	0.939437		High-confidence
17	7578551	A	G	0.968137		High-confidence
17	7578551	A	T	0.943340		High-confidence
17	7578550	G	T	0.942349		High-confidence
17	7578548	G	C	0.932098		High-confidence
17	7578548	G	A	0.918262		High-confidence
17	7578542	G	A	0.916310		High-confidence
17	7578541	A	T	0.936595		High-confidence
17	7578542	G	T	0.910271		High-confidence
17	7578541	A	G	0.964232		High-confidence
17	7578541	A	C	0.943762		High-confidence
17	7578542	G	C	0.913115		High-confidence
17	7578539	T	C	0.951518		High-confidence
17	7578538	T	A	0.946552		High-confidence
17	7578537	G	C	0.949955		High-confidence
17	7578537	G	T	0.948157		High-confidence
17	7578538	T	C	0.948788		High-confidence
17	7578538	T	G	0.973016		High-confidence
17	7578539	T	A	0.945227		High-confidence
17	7578536	T	C	0.948821		High-confidence
17	7578535	T	A	0.940841		High-confidence
17	7578534	C	A	0.946169		High-confidence
17	7578534	C	G	0.936922		High-confidence
17	7578536	T	G	0.970664		High-confidence
17	7578535	T	C	0.952499		High-confidence
17	7578535	T	G	0.941512		High-confidence
17	7578531	C	A	0.973370		High-confidence
17	7578531	C	T	0.968268		High-confidence
17	7578532	A	T	0.962263		High-confidence
17	7578532	A	C	0.964847		High-confidence
17	7578532	A	G	0.961661		High-confidence
17	7578529	A	C	0.949906		High-confidence
17	7578530	A	T	0.954653		High-confidence
17	7578528	A	C	0.945664		High-confidence
17	7578528	A	T	0.947274		High-confidence
17	7578530	A	G	0.954411		High-confidence
17	7578529	A	G	0.948328		High-confidence
17	7578530	A	C	0.967230		High-confidence
17	7578526	C	A	0.960780		High-confidence
17	7578527	A	C	0.960151		High-confidence
17	7578527	A	G	0.952564		High-confidence
17	7578526	C	G	0.971390		High-confidence
17	7578527	A	T	0.952500		High-confidence
17	7578525	G	C	0.943166		High-confidence
17	7578526	C	T	0.956042		High-confidence
17	7578524	G	C	0.938037		High-confidence
17	7578522	T	A	0.951158		High-confidence
17	7578522	T	G	0.977764		High-confidence
17	7578523	T	A	0.947516		High-confidence
17	7578523	T	G	0.965996		High-confidence
17	7578520	A	T	0.942816		High-confidence
17	7578521	G	C	0.936036		High-confidence
17	7578518	C	G	0.964915		High-confidence
17	7578518	C	T	0.935577		High-confidence
17	7578517	G	A	0.928877		High-confidence
17	7578515	T	C	0.954835		High-confidence
17	7578513	C	A	0.937518		High-confidence
17	7578513	C	G	0.939012		High-confidence
17	7578514	T	G	0.946383		High-confidence
17	7578512	T	C	0.958121		High-confidence
17	7578511	G	A	0.929617		High-confidence
17	7578511	G	T	0.929617		High-confidence
17	7578508	C	A	0.944410		High-confidence
17	7578509	A	C	0.969885		High-confidence
17	7578509	A	G	0.977194		High-confidence
17	7578509	A	T	0.936899		High-confidence
17	7578508	C	G	0.971671		High-confidence
17	7578507	G	C	0.944972		High-confidence
17	7578508	C	T	0.946056		High-confidence
17	7578505	G	A	0.914054		High-confidence
17	7578505	G	C	0.913115		High-confidence
17	7578506	G	A	0.926688		High-confidence
17	7578502	A	G	0.960523		High-confidence
17	7578502	A	T	0.951857		High-confidence
17	7578502	A	C	0.977061		High-confidence
17	7578503	C	T	0.953422		High-confidence
17	7578498	C	A	0.938912		High-confidence
17	7578498	C	G	0.968905		High-confidence
17	7578499	T	A	0.933697		High-confidence
17	7578499	T	G	0.971583		High-confidence
17	7578496	A	G	0.969874		High-confidence
17	7578496	A	T	0.945092		High-confidence
17	7578496	A	C	0.957897		High-confidence
17	7578492	C	G	0.921494		High-confidence
17	7578494	A	C	0.971882		High-confidence
17	7578493	C	G	0.933307		High-confidence
17	7578490	A	G	0.952767		High-confidence
17	7578490	A	T	0.953746		High-confidence
17	7578490	A	C	0.968960		High-confidence
17	7578486	A	T	0.949683		High-confidence
17	7578488	C	G	0.937437		High-confidence
17	7578488	C	T	0.943138		High-confidence
17	7578488	C	A	0.938952		High-confidence
17	7578484	G	T	0.932723		High-confidence
17	7578479	G	C	0.928774		High-confidence
17	7578478	G	T	0.917792		High-confidence
17	7578478	G	A	0.922513		High-confidence
17	7578478	G	C	0.930939		High-confidence
17	7578479	G	A	0.921622		High-confidence
17	7578479	G	T	0.921622		High-confidence
17	7578475	G	A	0.960087		High-confidence
17	7578475	G	T	0.957550		High-confidence
17	7578475	G	C	0.980086		High-confidence
17	7578476	G	A	0.938313		High-confidence
17	7578476	G	T	0.934486		High-confidence
17	7578472	G	T	0.940459		High-confidence
17	7578472	G	A	0.948051		High-confidence
17	7578473	G	A	0.949637		High-confidence
17	7578470	C	A	0.950033		High-confidence
17	7578469	C	T	0.945875		High-confidence
17	7578470	C	T	0.961912		High-confidence
17	7578469	C	A	0.944869		High-confidence
17	7578467	T	C	0.980478		High-confidence
17	7578466	G	A	0.930324		High-confidence
17	7578466	G	T	0.930324		High-confidence
17	7578466	G	C	0.953534		High-confidence
17	7578467	T	G	0.990954		High-confidence
17	7578466	G	C	0.953534		High-confidence
17	7578464	G	A	0.947455		High-confidence
17	7578464	G	C	0.974650		High-confidence
17	7578463	C	T	0.962660		High-confidence
17	7578463	C	A	0.962314		High-confidence
17	7578463	C	G	0.986935		High-confidence
17	7578464	G	T	0.944161		High-confidence
17	7578460	A	G	0.990933		High-confidence
17	7578460	A	T	0.971150		High-confidence
17	7578461	C	A	0.966807		High-confidence
17	7578460	A	C	0.987158		High-confidence
17	7578461	C	T	0.968280		High-confidence
17	7578461	C	G	0.986301		High-confidence
17	7578458	G	A	0.950198		High-confidence
17	7578458	G	C	0.978652		High-confidence
17	7578457	C	T	0.962157		High-confidence
17	7578457	C	A	0.960211		High-confidence
17	7578457	C	G	0.991304		High-confidence
17	7578458	G	T	0.947067		High-confidence
17	7578454	G	T	0.923448		High-confidence
17	7578455	C	G	0.986052		High-confidence
17	7578455	C	T	0.962582		High-confidence
17	7578454	G	A	0.924817		High-confidence
17	7578450	C	A	0.920970		High-confidence
17	7578450	C	G	0.942498		High-confidence
17	7578450	C	T	0.941514		High-confidence
17	7578451	A	T	0.946623		High-confidence
17	7578451	A	C	0.975767		High-confidence
17	7578451	A	G	0.977082		High-confidence
17	7578452	T	C	0.973126		High-confidence
17	7578448	G	T	0.925478		High-confidence
17	7578449	C	G	0.968974		High-confidence
17	7578449	C	A	0.932478		High-confidence
17	7578449	C	T	0.933694		High-confidence
17	7578448	G	A	0.926814		High-confidence
17	7578446	T	A	0.950694		High-confidence
17	7578444	G	C	0.936259		High-confidence
17	7578445	A	T	0.945086		High-confidence
17	7578445	A	C	0.962384		High-confidence
17	7578442	T	C	0.949367		High-confidence
17	7578443	A	C	0.946720		High-confidence
17	7578443	A	G	0.970405		High-confidence
17	7578443	A	T	0.940478		High-confidence
17	7578442	T	G	0.975834		High-confidence
17	7578440	T	C	0.950076		High-confidence
17	7578439	T	A	0.941448		High-confidence
17	7578438	C	A	0.929670		High-confidence
17	7578438	C	G	0.963072		High-confidence
17	7578439	T	C	0.950160		High-confidence
17	7578439	T	G	0.940789		High-confidence
17	7578435	C	A	0.943727		High-confidence
17	7578437	G	T	0.815757		Low-confidence
17	7578429	C	G	0.966828		High-confidence
17	7578427	T	A	0.941307		High-confidence
17	7578427	T	G	0.972323		High-confidence
17	7578427	T	C	0.942229		High-confidence
17	7578423	C	T	0.947274		High-confidence
17	7578425	T	A	0.950021		High-confidence
17	7578424	A	G	0.959167		High-confidence
17	7578425	T	C	0.960100		High-confidence
17	7578421	G	T	0.969245		High-confidence
17	7578421	G	A	0.969245		High-confidence
17	7578417	C	G	0.940652		High-confidence
17	7578418	T	C	0.956447		High-confidence
17	7578419	C	T	0.935577		High-confidence
17	7578415	A	G	0.948811		High-confidence
17	7578415	A	T	0.949867		High-confidence
17	7578416	C	A	0.945923		High-confidence
17	7578415	A	C	0.969099		High-confidence
17	7578412	A	G	0.956409		High-confidence
17	7578412	A	T	0.949747		High-confidence
17	7578412	A	C	0.976830		High-confidence
17	7578413	C	A	0.957895		High-confidence
17	7578413	C	G	0.953926		High-confidence
17	7578413	C	T	0.956679		High-confidence
17	7578410	T	C	0.966175		High-confidence
17	7578409	C	G	0.940937		High-confidence
17	7578410	T	A	0.938076		High-confidence
17	7578407	G	A	0.959982		High-confidence
17	7578407	G	C	0.974749		High-confidence
17	7578406	C	T	0.961800		High-confidence
17	7578406	C	A	0.959837		High-confidence
17	7578403	C	A	0.948187		High-confidence
17	7578404	A	C	0.981342		High-confidence
17	7578404	A	G	0.988296		High-confidence
17	7578403	C	G	0.986514		High-confidence
17	7578404	A	T	0.960889		High-confidence
17	7578402	G	C	0.964592		High-confidence
17	7578403	C	T	0.949727		High-confidence
17	7578400	G	T	0.920088		High-confidence
17	7578400	G	A	0.924688		High-confidence
17	7578400	G	C	0.955173		High-confidence
17	7578401	G	A	0.924688		High-confidence
17	7578401	G	T	0.920088		High-confidence
17	7578398	G	C	0.938067		High-confidence
17	7578397	T	A	0.935634		High-confidence
17	7578398	G	T	0.920088		High-confidence
17	7578397	T	G	0.984713		High-confidence
17	7578396	G	C	0.928551		High-confidence
17	7578396	G	T	0.925501		High-confidence
17	7578395	G	C	0.926437		High-confidence
17	7578394	T	A	0.949314		High-confidence
17	7578395	G	T	0.921844		High-confidence
17	7578394	T	G	0.977581		High-confidence
17	7578393	A	C	0.960575		High-confidence
17	7578393	A	T	0.940354		High-confidence
17	7578394	T	C	0.955047		High-confidence
17	7578395	G	A	0.931792		High-confidence
17	7578390	C	A	0.938082		High-confidence
17	7578390	C	G	0.971641		High-confidence
17	7578392	C	T	0.944201		High-confidence
17	7578389	G	A	0.963365		High-confidence
17	7578388	C	T	0.966061		High-confidence
17	7578388	C	G	0.979651		High-confidence
17	7578378	A	T	0.911955		High-confidence
17	7578380	C	G	0.938912		High-confidence
17	7578380	C	T	0.911979		High-confidence
17	7578374	C	T	0.971918		High-confidence
17	7578371	C	A	0.925335		High-confidence
17	7578289	C	T	0.941204		High-confidence
17	7578371	C	G	0.941623		High-confidence
17	7578371	C	T	0.936940		High-confidence
17	7578286	A	T	0.940870		High-confidence
17	7578283	G	T	0.925599		High-confidence
17	7578284	C	G	0.969622		High-confidence
17	7578281	G	C	0.954784		High-confidence
17	7578280	G	A	0.914054		High-confidence
17	7578280	G	C	0.920977		High-confidence
17	7578281	G	A	0.931581		High-confidence
17	7578281	G	T	0.927369		High-confidence
17	7578277	G	T	0.909867		High-confidence
17	7578277	G	A	0.915931		High-confidence
17	7578278	G	A	0.932861		High-confidence
17	7578273	C	A	0.936019		High-confidence
17	7578274	T	A	0.941257		High-confidence
17	7578274	T	C	0.959044		High-confidence
17	7578272	G	C	0.957653		High-confidence
17	7578271	T	A	0.952119		High-confidence
17	7578272	G	T	0.949400		High-confidence
17	7578271	T	G	0.972276		High-confidence
17	7578270	A	C	0.966385		High-confidence
17	7578270	A	T	0.950061		High-confidence
17	7578271	T	C	0.957550		High-confidence
17	7578272	G	A	0.946065		High-confidence
17	7578269	G	A	0.950231		High-confidence
17	7578268	A	T	0.944112		High-confidence
17	7578269	G	T	0.946910		High-confidence
17	7578268	A	G	0.965544		High-confidence
17	7578268	A	C	0.940125		High-confidence
17	7578269	G	C	0.941954		High-confidence
17	7578266	T	A	0.958869		High-confidence
17	7578264	G	C	0.935631		High-confidence
17	7578265	A	T	0.946664		High-confidence
17	7578265	A	C	0.967159		High-confidence
17	7578265	A	G	0.974904		High-confidence
17	7578266	T	C	0.951550		High-confidence
17	7578263	G	C	0.980222		High-confidence
17	7578262	C	A	0.982112		High-confidence
17	7578262	C	G	0.986198		High-confidence
17	7578262	C	T	0.981938		High-confidence
17	7578259	A	T	0.953172		High-confidence
17	7578259	A	C	0.973094		High-confidence
17	7578260	C	G	0.950227		High-confidence
17	7578260	C	A	0.945342		High-confidence
17	7578260	C	T	0.945342		High-confidence
17	7578255	T	A	0.939475		High-confidence
17	7578256	T	C	0.954946		High-confidence
17	7578257	C	T	0.944289		High-confidence
17	7578253	C	T	0.963431		High-confidence
17	7578253	C	A	0.965528		High-confidence
17	7578251	T	A	0.960146		High-confidence
17	7578245	G	A	0.983023		High-confidence
17	7578244	C	G	0.985481		High-confidence
17	7578241	A	T	0.957234		High-confidence
17	7578242	C	A	0.952176		High-confidence
17	7578242	C	T	0.953604		High-confidence
17	7578237	C	A	0.956464		High-confidence
17	7578237	C	G	0.945464		High-confidence
17	7578238	T	C	0.956702		High-confidence
17	7578239	C	G	0.941470		High-confidence
17	7578235	T	C	0.955355		High-confidence
17	7578236	A	C	0.966889		High-confidence
17	7578235	T	A	0.957242		High-confidence
17	7578236	A	G	0.955357		High-confidence
17	7578236	A	T	0.954653		High-confidence
17	7578235	T	G	0.953940		High-confidence
17	7578230	C	T	0.962592		High-confidence
17	7578225	G	T	0.948157		High-confidence
17	7578226	T	C	0.955640		High-confidence
17	7578227	C	T	0.947480		High-confidence
17	7578226	T	A	0.950944		High-confidence
17	7578223	C	A	0.927446		High-confidence
17	7578223	C	T	0.892425		High-confidence
17	7578222	T	A	0.942928		High-confidence
17	7578223	C	G	0.923858		High-confidence
17	7578218	T	C	0.948814		High-confidence
17	7578217	G	A	0.963013		High-confidence
17	7578217	G	T	0.966733		High-confidence
17	7578218	T	G	0.978003		High-confidence
17	7578217	G	C	0.958317		High-confidence
17	7578214	A	C	0.941461		High-confidence
17	7578215	A	T	0.939510		High-confidence
17	7578215	A	C	0.937677		High-confidence
17	7578212	G	C	0.990608		High-confidence
17	7578211	C	A	0.987167		High-confidence
17	7578211	C	G	0.990667		High-confidence
17	7578211	C	T	0.990096		High-confidence
17	7578209	G	C	0.951846		High-confidence
17	7578208	T	A	0.956777		High-confidence
17	7578208	T	G	0.973481		High-confidence
17	7578207	A	C	0.938893		High-confidence
17	7578208	T	C	0.955059		High-confidence
17	7578209	G	A	0.953029		High-confidence
17	7578206	T	A	0.950396		High-confidence
17	7578206	T	C	0.958761		High-confidence
17	7578205	C	A	0.944433		High-confidence
17	7578205	C	T	0.944433		High-confidence
17	7578204	A	C	0.973415		High-confidence
17	7578204	A	T	0.951688		High-confidence
17	7578206	T	G	0.948923		High-confidence
17	7578205	C	G	0.947100		High-confidence
17	7578202	A	T	0.953719		High-confidence
17	7578202	A	C	0.973415		High-confidence
17	7578203	C	A	0.951992		High-confidence
17	7578203	C	G	0.953291		High-confidence
17	7578203	C	T	0.953424		High-confidence
17	7578199	A	G	0.964017		High-confidence
17	7578199	A	T	0.953165		High-confidence
17	7578199	A	C	0.976488		High-confidence
17	7578200	C	G	0.943511		High-confidence
17	7578196	A	T	0.955205		High-confidence
17	7578196	A	C	0.983144		High-confidence
17	7578197	C	A	0.944095		High-confidence
17	7578197	C	T	0.943526		High-confidence
17	7578193	G	T	0.928467		High-confidence
17	7578193	G	A	0.932620		High-confidence
17	7578193	G	C	0.932098		High-confidence
17	7578194	G	T	0.933442		High-confidence
17	7578190	T	C	0.956243		High-confidence
17	7578191	A	C	0.939489		High-confidence
17	7578191	A	G	0.971498		High-confidence
17	7578191	A	T	0.937574		High-confidence
17	7578190	T	G	0.954855		High-confidence
17	7578184	G	A	0.960580		High-confidence
17	7578181	G	A	0.914832		High-confidence
17	7578182	G	A	0.934645		High-confidence
17	7578182	G	T	0.933442		High-confidence
17	7578177	C	A	0.922993		High-confidence
17	7578177	C	G	0.938171		High-confidence
17	7578179	C	T	0.950272		High-confidence
17	7578179	C	G	0.953124		High-confidence
17	7578178	T	A	0.943143		High-confidence
17	7577607	A	G	0.943246		High-confidence
17	7577608	C	T	0.938537		High-confidence
17	7577604	C	T	0.933158		High-confidence
17	7577601	G	A	0.921648		High-confidence
17	7577602	A	G	0.957863		High-confidence
17	7577597	G	C	0.929847		High-confidence
17	7577599	C	G	0.942228		High-confidence
17	7577599	C	T	0.942088		High-confidence
17	7577599	C	A	0.942088		High-confidence
17	7577595	C	A	0.947360		High-confidence
17	7577596	A	T	0.924500		High-confidence
17	7577594	A	C	0.959784		High-confidence
17	7577595	C	T	0.944474		High-confidence
17	7577593	T	C	0.947279		High-confidence
17	7577593	T	G	0.972200		High-confidence
17	7577590	T	C	0.948304		High-confidence
17	7577589	G	T	0.928307		High-confidence
17	7577590	T	G	0.972588		High-confidence
17	7577587	T	A	0.946894		High-confidence
17	7577586	A	T	0.943340		High-confidence
17	7577586	A	C	0.959447		High-confidence
17	7577586	A	G	0.972093		High-confidence
17	7577584	G	A	0.919678		High-confidence
17	7577580	T	C	0.947279		High-confidence
17	7577581	A	C	0.933615		High-confidence
17	7577581	A	G	0.954236		High-confidence
17	7577581	A	T	0.924500		High-confidence
17	7577580	T	G	0.972200		High-confidence
17	7577578	T	C	0.948637		High-confidence
17	7577576	G	C	0.937436		High-confidence
17	7577577	T	C	0.950549		High-confidence
17	7577574	T	C	0.951402		High-confidence
17	7577575	A	C	0.936547		High-confidence
17	7577574	T	A	0.955465		High-confidence
17	7577575	A	G	0.959531		High-confidence
17	7577575	A	T	0.929203		High-confidence
17	7577574	T	G	0.973476		High-confidence
17	7577570	C	A	0.962865		High-confidence
17	7577570	C	G	0.947075		High-confidence
17	7577570	C	T	0.955842		High-confidence
17	7577571	A	T	0.939755		High-confidence
17	7577572	T	A	0.944580		High-confidence
17	7577572	T	G	0.969180		High-confidence
17	7577571	A	C	0.957291		High-confidence
17	7577572	T	C	0.952888		High-confidence
17	7577568	C	A	0.962865		High-confidence
17	7577569	A	C	0.971543		High-confidence
17	7577569	A	G	0.953571		High-confidence
17	7577568	C	G	0.947075		High-confidence
17	7577569	A	T	0.947557		High-confidence
17	7577567	A	C	0.960028		High-confidence
17	7577568	C	T	0.955842		High-confidence
17	7577566	T	C	0.941695		High-confidence
17	7577566	T	G	0.941695		High-confidence
17	7577565	T	A	0.947578		High-confidence
17	7577564	G	C	0.947578		High-confidence
17	7577564	G	T	0.945699		High-confidence
17	7577565	T	C	0.948386		High-confidence
17	7577565	T	G	0.971789		High-confidence
17	7577563	T	A	0.936390		High-confidence
17	7577563	T	C	0.952881		High-confidence
17	7577561	A	C	0.960196		High-confidence
17	7577561	A	T	0.943563		High-confidence
17	7577563	T	G	0.961745		High-confidence
17	7577560	A	C	0.942281		High-confidence
17	7577559	G	C	0.919992		High-confidence
17	7577559	G	A	0.929822		High-confidence
17	7577560	A	G	0.966433		High-confidence
17	7577560	A	T	0.941088		High-confidence
17	7577559	G	T	0.929222		High-confidence
17	7577556	C	A	0.939778		High-confidence
17	7577557	A	C	0.944254		High-confidence
17	7577557	A	G	0.950641		High-confidence
17	7577556	C	G	0.965805		High-confidence
17	7577557	A	T	0.923131		High-confidence
17	7577555	G	C	0.950723		High-confidence
17	7577556	C	T	0.941553		High-confidence
17	7577552	C	A	0.915083		High-confidence
17	7577552	C	T	0.937053		High-confidence
17	7577553	A	G	0.958945		High-confidence
17	7577550	C	G	0.965917		High-confidence
17	7577551	C	A	0.873519		Low-confidence
17	7577550	C	T	0.926755		High-confidence
17	7577551	C	G	0.913801		High-confidence
17	7577551	C	T	0.898770		High-confidence
17	7577550	C	A	0.925421		High-confidence
17	7577547	C	G	0.965256		High-confidence
17	7577548	C	A	0.958615		High-confidence
17	7577547	C	T	0.926755		High-confidence
17	7577548	C	G	0.978937		High-confidence
17	7577548	C	T	0.968521		High-confidence
17	7577547	C	A	0.925421		High-confidence
17	7577543	C	A	0.939932		High-confidence
17	7577543	C	G	0.937486		High-confidence
17	7577543	C	T	0.939932		High-confidence
17	7577544	A	T	0.933933		High-confidence
17	7577545	T	A	0.945413		High-confidence
17	7577545	T	G	0.975144		High-confidence
17	7577544	A	C	0.956231		High-confidence
17	7577544	A	G	0.954675		High-confidence
17	7577545	T	C	0.951565		High-confidence
17	7577542	T	C	0.956812		High-confidence
17	7577541	T	A	0.944863		High-confidence
17	7577541	T	G	0.977189		High-confidence
17	7577539	G	C	0.965292		High-confidence
17	7577538	C	A	0.943707		High-confidence
17	7577538	C	G	0.969774		High-confidence
17	7577538	C	T	0.957021		High-confidence
17	7577539	G	A	0.950353		High-confidence
17	7577536	T	C	0.981554		High-confidence
17	7577535	C	T	0.926700		High-confidence
17	7577535	C	A	0.909320		High-confidence
17	7577534	C	A	0.925421		High-confidence
17	7577534	C	G	0.965256		High-confidence
17	7577535	C	G	0.949721		High-confidence
17	7577536	T	A	0.948944		High-confidence
17	7577532	G	T	0.909350		High-confidence
17	7577532	G	A	0.914511		High-confidence
17	7577532	G	C	0.916122		High-confidence
17	7577533	G	A	0.917032		High-confidence
17	7577530	T	A	0.945413		High-confidence
17	7577530	T	G	0.973792		High-confidence
17	7577528	G	C	0.925698		High-confidence
17	7577529	A	T	0.941766		High-confidence
17	7577529	A	C	0.962243		High-confidence
17	7577529	A	G	0.973829		High-confidence
17	7577530	T	C	0.956115		High-confidence
17	7577527	G	A	0.917519		High-confidence
17	7577526	A	G	0.958057		High-confidence
17	7577524	T	C	0.953375		High-confidence
17	7577523	G	A	0.931822		High-confidence
17	7577523	G	T	0.936743		High-confidence
17	7577524	T	G	0.976374		High-confidence
17	7577523	G	C	0.942904		High-confidence
17	7577521	T	A	0.947383		High-confidence
17	7577521	T	G	0.969370		High-confidence
17	7577519	G	C	0.939724		High-confidence
17	7577520	A	T	0.941421		High-confidence
17	7577520	A	C	0.962219		High-confidence
17	7577520	A	G	0.972265		High-confidence
17	7577521	T	C	0.953324		High-confidence
17	7577518	T	A	0.945089		High-confidence
17	7577517	A	T	0.945132		High-confidence
17	7577517	A	C	0.965216		High-confidence
17	7577517	A	G	0.970814		High-confidence
17	7577514	G	A	0.945889		High-confidence
17	7577514	G	T	0.924764		High-confidence
17	7577515	T	G	0.970955		High-confidence
17	7577514	G	C	0.946851		High-confidence
17	7577511	A	G	0.959098		High-confidence
17	7577511	A	T	0.933007		High-confidence
17	7577511	A	C	0.945552		High-confidence
17	7577512	G	C	0.933770		High-confidence
17	7577508	T	G	0.944367		High-confidence
17	7577507	T	A	0.934863		High-confidence
17	7577507	T	G	0.942805		High-confidence
17	7577508	T	C	0.953850		High-confidence
17	7577509	C	T	0.929833		High-confidence
17	7577509	C	G	0.934896		High-confidence
17	7577508	T	A	0.939130		High-confidence
17	7577505	T	G	0.968726		High-confidence
17	7577504	G	T	0.929864		High-confidence
17	7577505	T	C	0.953519		High-confidence
17	7577506	C	G	0.934266		High-confidence
17	7577506	C	T	0.899890		High-confidence
17	7577505	T	A	0.942983		High-confidence
17	7577506	C	A	0.932664		High-confidence
17	7577502	G	C	0.928741		High-confidence
17	7577502	G	A	0.925698		High-confidence
17	7577503	A	T	0.927162		High-confidence
17	7577499	C	T	0.816478		Low-confidence
17	7577499	C	G	0.934543		High-confidence
17	7577154	C	A	0.946784		High-confidence
17	7577153	C	T	0.958216		High-confidence
17	7577154	C	T	0.954363		High-confidence
17	7577153	C	A	0.964125		High-confidence
17	7577151	T	C	0.937305		High-confidence
17	7577149	A	C	0.950410		High-confidence
17	7577147	A	C	0.936820		High-confidence
17	7577144	A	G	0.956829		High-confidence
17	7577144	A	T	0.934630		High-confidence
17	7577144	A	C	0.941338		High-confidence
17	7577141	C	G	0.946930		High-confidence
17	7577141	C	T	0.935131		High-confidence
17	7577142	C	G	0.919432		High-confidence
17	7577142	C	T	0.909789		High-confidence
17	7577141	C	A	0.946865		High-confidence
17	7577139	G	C	0.980644		High-confidence
17	7577138	C	A	0.971031		High-confidence
17	7577138	C	G	0.982599		High-confidence
17	7577138	C	T	0.978033		High-confidence
17	7577139	G	A	0.979311		High-confidence
17	7577135	T	A	0.937454		High-confidence
17	7577136	T	A	0.936967		High-confidence
17	7577133	T	A	0.936161		High-confidence
17	7577133	T	G	0.959927		High-confidence
17	7577132	C	G	0.961303		High-confidence
17	7577129	A	C	0.942281		High-confidence
17	7577130	A	T	0.931821		High-confidence
17	7577128	A	C	0.948726		High-confidence
17	7577128	A	T	0.941553		High-confidence
17	7577130	A	G	0.960354		High-confidence
17	7577129	A	G	0.940477		High-confidence
17	7577130	A	C	0.931377		High-confidence
17	7577127	C	T	0.940645		High-confidence
17	7577127	C	G	0.945151		High-confidence
17	7577126	T	A	0.939788		High-confidence
17	7577123	A	G	0.956109		High-confidence
17	7577123	A	T	0.943379		High-confidence
17	7577123	A	C	0.972756		High-confidence
17	7577124	C	A	0.936501		High-confidence
17	7577124	C	G	0.942127		High-confidence
17	7577124	C	T	0.935860		High-confidence
17	7577121	G	A	0.964090		High-confidence
17	7577121	G	C	0.971701		High-confidence
17	7577120	C	T	0.970500		High-confidence
17	7577120	C	A	0.972289		High-confidence
17	7577120	C	G	0.976370		High-confidence
17	7577121	G	T	0.966336		High-confidence
17	7577117	A	G	0.945415		High-confidence
17	7577117	A	T	0.947989		High-confidence
17	7577118	C	A	0.946976		High-confidence
17	7577117	A	C	0.963896		High-confidence
17	7577118	C	G	0.942040		High-confidence
17	7577114	C	A	0.951439		High-confidence
17	7577115	A	C	0.953815		High-confidence
17	7577115	A	G	0.945091		High-confidence
17	7577114	C	G	0.946896		High-confidence
17	7577115	A	T	0.947314		High-confidence
17	7577113	A	C	0.971783		High-confidence
17	7577114	C	T	0.948532		High-confidence
17	7577111	G	T	0.929233		High-confidence
17	7577111	G	C	0.943209		High-confidence
17	7577112	C	G	0.966709		High-confidence
17	7577112	C	A	0.942925		High-confidence
17	7577112	C	T	0.938575		High-confidence
17	7577111	G	A	0.923057		High-confidence
17	7577108	C	A	0.946957		High-confidence
17	7577109	A	C	0.956955		High-confidence
17	7577109	A	T	0.932395		High-confidence
17	7577107	A	C	0.968929		High-confidence
17	7577108	C	T	0.948532		High-confidence
17	7577106	G	C	0.933907		High-confidence
17	7577105	G	T	0.900122		High-confidence
17	7577105	G	A	0.906774		High-confidence
17	7577105	G	C	0.907123		High-confidence
17	7577106	G	A	0.925698		High-confidence
17	7577106	G	T	0.936116		High-confidence
17	7577102	C	T	0.905986		High-confidence
17	7577103	C	G	0.932460		High-confidence
17	7577103	C	T	0.933862		High-confidence
17	7577102	C	A	0.893239		High-confidence
17	7577103	C	A	0.919410		High-confidence
17	7577100	T	C	0.958499		High-confidence
17	7577099	C	A	0.941446		High-confidence
17	7577099	C	T	0.910146		High-confidence
17	7577098	T	A	0.928491		High-confidence
17	7577098	T	G	0.952332		High-confidence
17	7577099	C	G	0.941589		High-confidence
17	7577096	T	G	0.979103		High-confidence
17	7577095	G	C	0.929724		High-confidence
17	7577095	G	T	0.922659		High-confidence
17	7577096	T	C	0.963662		High-confidence
17	7577097	C	G	0.941589		High-confidence
17	7577097	C	T	0.910146		High-confidence
17	7577096	T	A	0.949387		High-confidence
17	7577097	C	A	0.941446		High-confidence
17	7577094	G	C	0.954168		High-confidence
17	7577093	C	A	0.944041		High-confidence
17	7577093	C	G	0.979492		High-confidence
17	7577093	C	T	0.954441		High-confidence
17	7577094	G	A	0.951229		High-confidence
17	7577091	G	A	0.954819		High-confidence
17	7577091	G	C	0.975233		High-confidence
17	7577090	C	T	0.949789		High-confidence
17	7577090	C	A	0.955972		High-confidence
17	7577090	C	G	0.976965		High-confidence
17	7577088	T	G	0.974959		High-confidence
17	7577088	T	A	0.941641		High-confidence
17	7577083	C	A	0.909125		High-confidence
17	7577084	T	C	0.959900		High-confidence
17	7577085	C	T	0.922262		High-confidence
17	7577085	C	G	0.939399		High-confidence
17	7577084	T	A	0.940861		High-confidence
17	7577081	T	G	0.948015		High-confidence
17	7577080	T	G	0.939929		High-confidence
17	7577081	T	C	0.950914		High-confidence
17	7577082	C	T	0.937225		High-confidence
17	7577082	C	G	0.932788		High-confidence
17	7577081	T	A	0.950071		High-confidence
17	7577077	C	A	0.948096		High-confidence
17	7577077	C	G	0.951480		High-confidence
17	7577079	C	T	0.907115		High-confidence
17	7577079	C	G	0.941758		High-confidence
17	7577073	G	A	0.935124		High-confidence
17	7577070	G	A	0.959262		High-confidence
17	7577069	C	T	0.959588		High-confidence
17	7577069	C	A	0.964004		High-confidence
17	7577067	T	C	0.945868		High-confidence
17	7577065	C	G	0.936076		High-confidence
17	7577067	T	G	0.969746		High-confidence
17	7577063	T	A	0.938834		High-confidence
17	7577062	T	A	0.931717		High-confidence
17	7577058	C	G	0.927068		High-confidence
17	7577052	G	C	0.926132		High-confidence
17	7577050	G	T	0.920051		High-confidence
17	7577052	G	A	0.945308		High-confidence
17	7577049	G	A	0.911850		High-confidence
17	7577046	C	T	0.958064		High-confidence
17	7577046	C	G	0.976378		High-confidence
17	7577040	G	C	0.941964		High-confidence
17	7577037	G	T	0.918544		High-confidence
17	7577033	C	T	0.917273		High-confidence
17	7577033	C	A	0.890435		High-confidence
17	7577024	T	G	0.940833		High-confidence
17	7577021	C	T	0.965716		High-confidence
17	7576926	G	A	0.888588		Low-confidence
17	7576920	G	A	0.840654		Low-confidence
17	7576921	G	A	0.844983		Low-confidence
17	7576911	G	A	0.829637		Low-confidence
17	7576905	G	C	0.813908		Low-confidence
17	7576902	G	C	0.834933		Low-confidence
17	7576899	G	A	0.823332		Low-confidence
17	7576896	T	C	0.881316		Low-confidence
17	7576889	C	A	0.872055		Low-confidence
17	7576889	C	G	0.841079		Low-confidence
17	7576888	T	C	0.896054		High-confidence
17	7576886	C	G	0.854419		Low-confidence
17	7576887	T	C	0.904773		High-confidence
17	7576881	G	A	0.848521		Low-confidence
17	7576875	T	G	0.911013		High-confidence
17	7576874	A	T	0.830067		Low-confidence
17	7576875	T	C	0.909567		High-confidence
17	7576872	C	G	0.855112		Low-confidence
17	7576872	C	T	0.863939		Low-confidence
17	7576872	C	A	0.857802		Low-confidence
17	7576870	C	T	0.849479		Low-confidence
17	7576870	C	G	0.856994		Low-confidence
17	7576857	A	T	0.838606		Low-confidence
17	7576858	G	T	0.785206		Low-confidence
17	7576857	A	G	0.897992		High-confidence
17	7576857	A	C	0.831436		Low-confidence
17	7576853	C	A	0.809391		Low-confidence
17	7576853	C	G	0.844482		Low-confidence
17	7576854	T	A	0.853541		Low-confidence
17	7576854	T	C	0.875545		Low-confidence
17	7574033	T	A	0.701392		Low-confidence
17	7574032	A	T	0.673062		Low-confidence
17	7574032	A	C	0.745252		Low-confidence
17	7574030	G	A	0.667385		Low-confidence
17	7574029	C	G	0.880567		Low-confidence
17	7574030	G	T	0.652967		Low-confidence
17	7574026	C	G	0.470036		Neutral
17	7574026	C	T	0.452137		Neutral
17	7574026	C	A	0.390971		Neutral
17	7574027	C	A	0.528079		Low-confidence
17	7574024	G	A	0.714434		Low-confidence
17	7574023	C	T	0.733607		Low-confidence
17	7574024	G	T	0.727888		Low-confidence
17	7574020	T	G	0.682710		Low-confidence
17	7574020	T	C	0.786087		Low-confidence
17	7574018	G	A	0.741503		Low-confidence
17	7574018	G	C	0.822823		Low-confidence
17	7574017	C	T	0.739073		Low-confidence
17	7574017	C	A	0.728889		Low-confidence
17	7574017	C	G	0.870909		Low-confidence
17	7574018	G	T	0.754121		Low-confidence
17	7574014	A	C	0.640536		Low-confidence
17	7574015	A	T	0.612915		Low-confidence
17	7574013	G	C	0.834047		Low-confidence
17	7574015	A	G	0.834807		Low-confidence
17	7574014	A	G	0.825258		Low-confidence
17	7574011	T	C	0.766797		Low-confidence
17	7574008	A	G	0.714544		Low-confidence
17	7574005	A	C	0.688053		Low-confidence
17	7574004	G	C	0.600432		Low-confidence
17	7574005	A	G	0.823547		Low-confidence
17	7574006	A	C	0.755167		Low-confidence
17	7574005	A	T	0.638763		Low-confidence
17	7574002	C	A	0.703852		Low-confidence
17	7574002	C	G	0.796487		Low-confidence
17	7573999	T	G	0.637309		Low-confidence
17	7574000	C	T	0.555226		Low-confidence
17	7573997	G	T	0.813846		Low-confidence
17	7573996	A	G	0.770473		Low-confidence
17	7573996	A	T	0.594337		Low-confidence
17	7573996	A	C	0.698941		Low-confidence
17	7573994	T	C	0.754048		Low-confidence
17	7573993	T	C	0.704654		Low-confidence
17	7573991	C	T	0.628293		Low-confidence
17	7573987	G	T	0.545865		Low-confidence
17	7573988	C	G	0.729615		Low-confidence
17	7573988	C	T	0.569527		Low-confidence
17	7573987	G	A	0.550702		Low-confidence
17	7573983	C	A	0.545111		Low-confidence
17	7573983	C	G	0.609325		Low-confidence
17	7573984	A	G	0.659811		Low-confidence
17	7573984	A	C	0.726675		Low-confidence
17	7573979	G	T	0.743811		Low-confidence
17	7573978	A	G	0.876173		Low-confidence
17	7573976	T	C	0.617639		Low-confidence
17	7573974	C	A	0.454281		Neutral
17	7573973	C	A	0.763727		Low-confidence
17	7573969	G	T	0.719851		Low-confidence
17	7573967	G	C	0.552058		Low-confidence
17	7573966	T	A	0.565724		Low-confidence
17	7573966	T	C	0.793561		Low-confidence
17	7573964	C	G	0.909626		High-confidence
17	7573964	C	T	0.705733		Low-confidence
17	7573960	C	G	0.642981		Low-confidence
17	7573955	C	T	0.713498		Low-confidence
17	7573955	C	G	0.724633		Low-confidence
17	7573948	C	T	0.627121		Low-confidence
17	7573948	C	A	0.593529		Low-confidence
17	7573945	C	T	0.483086		Neutral
17	7573943	T	C	0.935447		High-confidence
17	7573943	T	G	0.885453		Low-confidence
17	7573937	C	T	0.548450		Low-confidence
17	7573930	G	A	0.471202		Neutral
17	7572997	G	A	0.409094		Neutral
17	7572986	G	T	0.273190		Neutral
17	7572982	G	C	0.334564		Neutral
17	7572980	T	G	0.651619		Low-confidence
17	7572976	G	A	0.366600		Neutral
17	7572977	A	G	0.655097		Low-confidence
17	7572974	G	A	0.656102		Low-confidence
17	7572973	C	T	0.654356		Low-confidence
17	7572966	T	A	0.353539		Neutral
17	7572957	C	T	0.443580		Neutral
17	7572959	T	C	0.610512		Low-confidence
17	7572954	G	T	0.387984		Neutral
17	7572947	C	T	0.341617		Neutral
17	7572944	C	A	0.333244		Neutral
17	7572940	G	T	0.392461		Neutral
17	7572941	G	A	0.502452		Low-confidence
17	7572938	C	T	0.305523		Neutral
17	7572934	G	A	0.314134		Neutral
17	7572935	A	G	0.587573		Low-confidence
17	7572931	T	C	0.616162		Low-confidence
17	7579905	T	C	0.275258		Neutral
17	7579898	C	A	0.172792		Neutral
17	7579891	G	A	0.224477		Neutral
17	7579884	A	C	0.282084		Neutral
17	7579875	G	A	0.121025		Neutral
17	7579864	C	T	0.175219		Neutral
17	7579861	T	C	0.175828		Neutral
17	7579857	A	G	0.181352		Neutral
17	7579852	C	A	0.129285		Neutral
17	7579719	A	G	0.237869		Neutral
17	7579717	G	T	0.139818		Neutral
17	7579706	G	C	0.462783		Neutral
17	7579590	A	T	0.508317		Low-confidence
17	7579582	C	A	0.733250		Low-confidence
17	7579582	C	G	0.869397		Low-confidence
17	7579578	A	T	0.835366		Low-confidence
17	7579574	T	A	0.837063		Low-confidence
17	7579572	C	T	0.806660		Low-confidence
17	7579567	C	G	0.809777		Low-confidence
17	7579566	C	T	0.873572		Low-confidence
17	7579555	C	A	0.813815		Low-confidence
17	7579556	A	C	0.854643		Low-confidence
17	7579556	A	G	0.878787		Low-confidence
17	7579557	T	C	0.894656		High-confidence
17	7579553	A	G	0.890270		High-confidence
17	7579551	A	G	0.951402		High-confidence
17	7579547	G	A	0.918466		High-confidence
17	7579548	G	A	0.833513		Low-confidence
17	7579544	T	C	0.885586		Low-confidence
17	7579542	C	A	0.952404		High-confidence
17	7579531	T	A	0.901284		High-confidence
17	7579531	T	G	0.897505		High-confidence
17	7579528	C	A	0.909597		High-confidence
17	7579528	C	G	0.868115		Low-confidence
17	7579530	A	C	0.914793		High-confidence
17	7579525	G	T	0.768242		Low-confidence
17	7579523	G	A	0.893735		High-confidence
17	7579520	T	A	0.863373		Low-confidence
17	7579514	G	A	0.813405		Low-confidence
17	7579514	G	T	0.813980		Low-confidence
17	7579514	G	C	0.823699		Low-confidence
17	7579515	G	A	0.810707		Low-confidence
17	7579512	C	A	0.791177		Low-confidence
17	7579511	C	T	0.857578		Low-confidence
17	7579509	G	C	0.811366		Low-confidence
17	7579508	G	A	0.838523		Low-confidence
17	7579508	G	T	0.823638		Low-confidence
17	7579508	G	C	0.800544		Low-confidence
17	7579509	G	A	0.842366		Low-confidence
17	7579509	G	T	0.806187		Low-confidence
17	7579506	C	T	0.853818		Low-confidence
17	7579501	T	G	0.873324		Low-confidence
17	7579500	C	A	0.857343		Low-confidence
17	7579500	C	T	0.886504		Low-confidence
17	7579497	G	C	0.891979		High-confidence
17	7579487	G	A	0.870848		Low-confidence
17	7579487	G	C	0.877954		Low-confidence
17	7579484	T	C	0.939136		High-confidence
17	7579485	C	G	0.903917		High-confidence
17	7579481	G	C	0.913506		High-confidence
17	7579481	G	A	0.880215		Low-confidence
17	7579472	G	T	0.896803		High-confidence
17	7579469	A	T	0.890182		High-confidence
17	7579470	C	A	0.943432		High-confidence
17	7579466	G	A	0.872657		Low-confidence
17	7579463	G	C	0.877030		Low-confidence
17	7579464	G	A	0.874464		Low-confidence
17	7579461	C	T	0.910085		High-confidence
17	7579460	G	A	0.900425		High-confidence
17	7579458	G	C	0.901528		High-confidence
17	7579458	G	A	0.891415		High-confidence
17	7579455	C	A	0.870320		Low-confidence
17	7579454	G	A	0.907509		High-confidence
17	7579452	C	T	0.906143		High-confidence
17	7579445	G	A	0.909649		High-confidence
17	7579443	G	A	0.886202		Low-confidence
17	7579439	G	T	0.913125		High-confidence
17	7579436	G	C	0.951663		High-confidence
17	7579436	G	A	0.885604		Low-confidence
17	7579433	G	A	0.875511		Low-confidence
17	7579430	G	A	0.914702		High-confidence
17	7579427	G	T	0.890725		High-confidence
17	7579413	G	C	0.947340		High-confidence
17	7579412	G	A	0.918199		High-confidence
17	7579410	G	T	0.905682		High-confidence
17	7579407	A	G	0.967208		High-confidence
17	7579407	A	T	0.935375		High-confidence
17	7579400	G	C	0.903735		High-confidence
17	7579401	A	G	0.957844		High-confidence
17	7579397	A	G	0.961635		High-confidence
17	7579398	C	T	0.939104		High-confidence
17	7579395	G	T	0.917317		High-confidence
17	7579392	A	G	0.964304		High-confidence
17	7579389	G	T	0.896637		High-confidence
17	7579384	T	A	0.928987		High-confidence
17	7579385	T	C	0.927544		High-confidence
17	7579383	T	G	0.962974		High-confidence
17	7579375	C	G	0.930584		High-confidence
17	7579373	C	G	0.953882		High-confidence
17	7579368	A	G	0.958183		High-confidence
17	7579365	C	A	0.958333		High-confidence
17	7579359	G	T	0.959444		High-confidence
17	7579353	C	A	0.856362		Low-confidence
17	7579352	C	T	0.913072		High-confidence
17	7579353	C	T	0.883558		Low-confidence
17	7579348	G	T	0.914211		High-confidence
17	7579341	A	G	0.956897		High-confidence
17	7579337	C	T	0.886018		Low-confidence
17	7579338	C	G	0.921538		High-confidence
17	7579335	T	C	0.946273		High-confidence
17	7579334	G	C	0.938068		High-confidence
17	7579331	G	T	0.873698		Low-confidence
17	7579331	G	A	0.875837		Low-confidence
17	7579328	T	G	0.881369		Low-confidence
17	7579325	G	A	0.862415		Low-confidence
17	7579323	C	A	0.900273		High-confidence
17	7579319	G	A	0.871185		Low-confidence
17	7579316	C	A	0.893525		High-confidence
17	7579316	C	G	0.926143		High-confidence
17	7578547	G	A	0.906812		High-confidence
17	7578544	G	T	0.916787		High-confidence
17	7578544	G	C	0.947633		High-confidence
17	7578545	C	T	0.938314		High-confidence
17	7578544	G	A	0.928363		High-confidence
17	7578539	T	G	0.969257		High-confidence
17	7578531	C	G	0.965364		High-confidence
17	7578533	T	A	0.953786		High-confidence
17	7578533	T	G	0.902584		High-confidence
17	7578533	T	C	0.968310		High-confidence
17	7578524	G	T	0.930231		High-confidence
17	7578523	T	C	0.946424		High-confidence
17	7578521	G	T	0.936036		High-confidence
17	7578520	A	G	0.967706		High-confidence
17	7578517	G	T	0.927576		High-confidence
17	7578518	C	A	0.934393		High-confidence
17	7578515	T	G	0.971397		High-confidence
17	7578514	T	C	0.958601		High-confidence
17	7578506	G	C	0.933298		High-confidence
17	7578505	G	T	0.907869		High-confidence
17	7578506	G	T	0.929726		High-confidence
17	7578503	C	A	0.950835		High-confidence
17	7578503	C	G	0.951412		High-confidence
17	7578500	G	T	0.941502		High-confidence
17	7578499	T	C	0.960614		High-confidence
17	7578497	G	T	0.933829		High-confidence
17	7578497	G	C	0.947969		High-confidence
17	7578492	C	A	0.890185		High-confidence
17	7578494	A	G	0.960595		High-confidence
17	7578494	A	T	0.944858		High-confidence
17	7578491	C	A	0.946356		High-confidence
17	7578491	C	T	0.945809		High-confidence
17	7578486	A	C	0.946998		High-confidence
17	7578487	T	C	0.959791		High-confidence
17	7578487	T	A	0.953639		High-confidence
17	7578484	G	A	0.937763		High-confidence
17	7578485	A	G	0.970199		High-confidence
17	7578485	A	T	0.941031		High-confidence
17	7578482	T	C	0.943496		High-confidence
17	7578481	G	A	0.940915		High-confidence
17	7578481	G	T	0.918016		High-confidence
17	7578481	G	C	0.939425		High-confidence
17	7578476	G	C	0.970527		High-confidence
17	7578473	G	C	0.973630		High-confidence
17	7578473	G	T	0.948695		High-confidence
17	7578469	C	G	0.983955		High-confidence
17	7578467	T	A	0.962076		High-confidence
17	7578455	C	A	0.960657		High-confidence
17	7578452	T	G	0.986723		High-confidence
17	7578448	G	C	0.937559		High-confidence
17	7578446	T	C	0.952801		High-confidence
17	7578440	T	G	0.969156		High-confidence
17	7578437	G	C	0.953601		High-confidence
17	7578435	C	G	0.944383		High-confidence
17	7578436	T	A	0.939529		High-confidence
17	7578436	T	G	0.966685		High-confidence
17	7578436	T	C	0.954207		High-confidence
17	7578434	A	C	0.963082		High-confidence
17	7578433	G	A	0.945713		High-confidence
17	7578434	A	G	0.971953		High-confidence
17	7578434	A	T	0.943460		High-confidence
17	7578431	G	C	0.930382		High-confidence
17	7578429	C	A	0.938912		High-confidence
17	7578431	G	T	0.922181		High-confidence
17	7578430	T	A	0.939529		High-confidence
17	7578430	T	C	0.954207		High-confidence
17	7578428	G	C	0.953601		High-confidence
17	7578428	G	T	0.942197		High-confidence
17	7578426	G	C	0.941696		High-confidence
17	7578426	G	T	0.920997		High-confidence
17	7578428	G	A	0.944470		High-confidence
17	7578423	C	A	0.947274		High-confidence
17	7578422	T	C	0.949242		High-confidence
17	7578422	T	G	0.973718		High-confidence
17	7578421	G	C	0.968382		High-confidence
17	7578422	T	A	0.944719		High-confidence
17	7578418	T	G	0.946932		High-confidence
17	7578417	C	A	0.916289		High-confidence
17	7578419	C	G	0.935577		High-confidence
17	7578418	T	A	0.935701		High-confidence
17	7578416	C	T	0.942105		High-confidence
17	7578409	C	T	0.932333		High-confidence
17	7578409	C	A	0.912117		High-confidence
17	7578408	C	A	0.932588		High-confidence
17	7578408	C	G	0.968974		High-confidence
17	7578406	C	G	0.980494		High-confidence
17	7578407	G	T	0.962475		High-confidence
17	7578398	G	A	0.930242		High-confidence
17	7578391	T	C	0.965153		High-confidence
17	7578392	C	G	0.941919		High-confidence
17	7578389	G	C	0.971125		High-confidence
17	7578388	C	A	0.961444		High-confidence
17	7578389	G	T	0.965655		High-confidence
17	7578386	A	G	0.980640		High-confidence
17	7578385	C	G	0.972801		High-confidence
17	7578386	A	T	0.942340		High-confidence
17	7578384	G	C	0.946135		High-confidence
17	7578385	C	T	0.945713		High-confidence
17	7578382	G	A	0.938390		High-confidence
17	7578383	A	G	0.959074		High-confidence
17	7578380	C	A	0.936447		High-confidence
17	7578377	T	A	0.934052		High-confidence
17	7578377	T	C	0.946144		High-confidence
17	7578376	C	A	0.930739		High-confidence
17	7578376	C	T	0.935448		High-confidence
17	7578375	G	C	0.973966		High-confidence
17	7578375	G	T	0.969352		High-confidence
17	7578372	A	T	0.942739		High-confidence
17	7578373	T	C	0.954428		High-confidence
17	7578374	C	G	0.981576		High-confidence
17	7578373	T	A	0.952204		High-confidence
17	7578289	C	A	0.941795		High-confidence
17	7578287	G	T	0.936442		High-confidence
17	7578287	G	C	0.934168		High-confidence
17	7578283	G	C	0.951039		High-confidence
17	7578284	C	A	0.943298		High-confidence
17	7578284	C	T	0.938265		High-confidence
17	7578283	G	A	0.926933		High-confidence
17	7578280	G	T	0.907869		High-confidence
17	7578278	G	C	0.933858		High-confidence
17	7578277	G	C	0.925998		High-confidence
17	7578278	G	T	0.936068		High-confidence
17	7578273	C	G	0.965133		High-confidence
17	7578275	G	T	0.952790		High-confidence
17	7578266	T	G	0.954988		High-confidence
17	7578259	A	G	0.953119		High-confidence
17	7578257	C	G	0.949796		High-confidence
17	7578256	T	A	0.954169		High-confidence
17	7578253	C	G	0.953003		High-confidence
17	7578254	C	T	0.925490		High-confidence
17	7578251	T	C	0.948230		High-confidence
17	7578250	T	A	0.954184		High-confidence
17	7578250	T	C	0.946999		High-confidence
17	7578250	T	G	0.953466		High-confidence
17	7578246	C	A	0.936606		High-confidence
17	7578246	C	G	0.959128		High-confidence
17	7578247	A	G	0.952138		High-confidence
17	7578248	A	C	0.949715		High-confidence
17	7578245	G	C	0.984382		High-confidence
17	7578244	C	T	0.899736		High-confidence
17	7578244	C	A	0.982946		High-confidence
17	7578245	G	T	0.984105		High-confidence
17	7578241	A	G	0.897327		High-confidence
17	7578238	T	G	0.947240		High-confidence
17	7578239	C	T	0.936787		High-confidence
17	7578238	T	A	0.939743		High-confidence
17	7578231	C	G	0.947296		High-confidence
17	7578229	T	G	0.959710		High-confidence
17	7578228	A	T	0.937317		High-confidence
17	7578229	T	C	0.959020		High-confidence
17	7578230	C	A	0.961830		High-confidence
17	7578225	G	C	0.952056		High-confidence
17	7578227	C	G	0.950539		High-confidence
17	7578227	C	A	0.952687		High-confidence
17	7578224	T	C	0.957596		High-confidence
17	7578221	T	C	0.940786		High-confidence
17	7578221	T	G	0.940786		High-confidence
17	7578219	G	C	0.944042		High-confidence
17	7578220	T	C	0.947919		High-confidence
17	7578220	T	G	0.971528		High-confidence
17	7578213	A	T	0.948373		High-confidence
17	7578215	A	G	0.937385		High-confidence
17	7578214	A	G	0.941185		High-confidence
17	7578214	A	T	0.944010		High-confidence
17	7578207	A	T	0.927409		High-confidence
17	7578202	A	G	0.953668		High-confidence
17	7578200	C	A	0.947015		High-confidence
17	7578196	A	G	0.967730		High-confidence
17	7578194	G	A	0.934645		High-confidence
17	7578186	C	A	0.944268		High-confidence
17	7578186	C	G	0.971596		High-confidence
17	7578187	T	C	0.965759		High-confidence
17	7578188	C	T	0.946311		High-confidence
17	7578187	T	A	0.943143		High-confidence
17	7578185	G	C	0.947067		High-confidence
17	7578184	G	T	0.962271		High-confidence
17	7578185	G	A	0.927604		High-confidence
17	7578185	G	T	0.926281		High-confidence
17	7578182	G	C	0.947067		High-confidence
17	7578181	G	T	0.917414		High-confidence
17	7578181	G	C	0.927335		High-confidence
17	7578178	T	C	0.966096		High-confidence
17	7577607	A	T	0.945917		High-confidence
17	7577608	C	A	0.942576		High-confidence
17	7577607	A	C	0.962432		High-confidence
17	7577604	C	G	0.958641		High-confidence
17	7577605	C	T	0.939684		High-confidence
17	7577604	C	A	0.931932		High-confidence
17	7577601	G	T	0.927414		High-confidence
17	7577598	T	G	0.970814		High-confidence
17	7577597	G	T	0.920025		High-confidence
17	7577598	T	C	0.956678		High-confidence
17	7577598	T	A	0.943506		High-confidence
17	7577596	A	C	0.944331		High-confidence
17	7577596	A	G	0.950710		High-confidence
17	7577595	C	G	0.945291		High-confidence
17	7577592	G	A	0.928307		High-confidence
17	7577592	G	T	0.928307		High-confidence
17	7577593	T	A	0.947279		High-confidence
17	7577589	G	A	0.928307		High-confidence
17	7577590	T	A	0.938205		High-confidence
17	7577587	T	G	0.969180		High-confidence
17	7577587	T	C	0.949155		High-confidence
17	7577584	G	C	0.931091		High-confidence
17	7577583	T	A	0.944725		High-confidence
17	7577583	T	G	0.973503		High-confidence
17	7577582	G	C	0.925588		High-confidence
17	7577583	T	C	0.949988		High-confidence
17	7577580	T	A	0.940661		High-confidence
17	7577578	T	G	0.967393		High-confidence
17	7577577	T	A	0.947578		High-confidence
17	7577577	T	G	0.973000		High-confidence
17	7577578	T	A	0.943135		High-confidence
17	7577571	A	G	0.957908		High-confidence
17	7577566	T	A	0.941553		High-confidence
17	7577562	C	A	0.934421		High-confidence
17	7577562	C	G	0.937538		High-confidence
17	7577552	C	G	0.943847		High-confidence
17	7577553	A	T	0.936662		High-confidence
17	7577554	T	A	0.945413		High-confidence
17	7577554	T	G	0.973878		High-confidence
17	7577553	A	C	0.960361		High-confidence
17	7577554	T	C	0.959882		High-confidence
17	7577540	G	T	0.926348		High-confidence
17	7577541	T	C	0.944863		High-confidence
17	7577542	T	A	0.939503		High-confidence
17	7577533	G	C	0.938503		High-confidence
17	7577533	G	T	0.915533		High-confidence
17	7577526	A	T	0.933007		High-confidence
17	7577524	T	A	0.944164		High-confidence
17	7577516	G	C	0.939724		High-confidence
17	7577518	T	C	0.949624		High-confidence
17	7577515	T	C	0.953375		High-confidence
17	7577515	T	A	0.941738		High-confidence
17	7577503	A	C	0.935673		High-confidence
17	7577503	A	G	0.958826		High-confidence
17	7577502	G	T	0.929222		High-confidence
17	7577500	T	A	0.928707		High-confidence
17	7577500	T	C	0.953502		High-confidence
17	7577499	C	A	0.916350		High-confidence
17	7577155	A	C	0.970086		High-confidence
17	7577155	A	T	0.948055		High-confidence
17	7577500	T	G	0.965656		High-confidence
17	7577154	C	G	0.944252		High-confidence
17	7577151	T	G	0.938497		High-confidence
17	7577150	T	A	0.943172		High-confidence
17	7577148	G	T	0.945581		High-confidence
17	7577147	A	G	0.963588		High-confidence
17	7577147	A	T	0.936099		High-confidence
17	7577148	G	C	0.931420		High-confidence
17	7577145	G	T	0.930925		High-confidence
17	7577136	T	G	0.929321		High-confidence
17	7577134	G	C	0.944022		High-confidence
17	7577135	T	C	0.946765		High-confidence
17	7577133	T	C	0.950664		High-confidence
17	7577132	C	A	0.952393		High-confidence
17	7577132	C	T	0.952393		High-confidence
17	7577131	G	C	0.933097		High-confidence
17	7577131	G	T	0.923348		High-confidence
17	7577129	A	T	0.941553		High-confidence
17	7577125	C	A	0.907533		High-confidence
17	7577125	C	G	0.927492		High-confidence
17	7577126	T	C	0.954630		High-confidence
17	7577118	C	T	0.945778		High-confidence
17	7577109	A	G	0.966876		High-confidence
17	7577108	C	G	0.947577		High-confidence
17	7577091	G	T	0.949199		High-confidence
17	7577088	T	C	0.947876		High-confidence
17	7577087	G	A	0.941163		High-confidence
17	7577084	T	G	0.941220		High-confidence
17	7577080	T	A	0.938027		High-confidence
17	7577078	T	G	0.945358		High-confidence
17	7577078	T	C	0.956529		High-confidence
17	7577078	T	A	0.942198		High-confidence
17	7577076	T	C	0.960637		High-confidence
17	7577076	T	G	0.949983		High-confidence
17	7577074	A	T	0.947661		High-confidence
17	7577075	T	C	0.944409		High-confidence
17	7577076	T	A	0.951210		High-confidence
17	7577072	A	G	0.959575		High-confidence
17	7577072	A	C	0.936815		High-confidence
17	7577073	G	C	0.936404		High-confidence
17	7577070	G	T	0.951884		High-confidence
17	7577066	T	A	0.940044		High-confidence
17	7577066	T	C	0.959904		High-confidence
17	7577066	T	G	0.940277		High-confidence
17	7577064	T	C	0.950172		High-confidence
17	7577062	T	G	0.952242		High-confidence
17	7577063	T	C	0.953868		High-confidence
17	7577063	T	G	0.944982		High-confidence
17	7577060	C	G	0.906886		High-confidence
17	7577060	C	T	0.881101		Low-confidence
17	7577061	C	G	0.925837		High-confidence
17	7577061	C	T	0.915750		High-confidence
17	7577060	C	A	0.868329		Low-confidence
17	7577061	C	A	0.896065		High-confidence
17	7577056	C	A	0.924315		High-confidence
17	7577057	T	C	0.968247		High-confidence
17	7577058	C	T	0.898160		High-confidence
17	7577057	T	A	0.925220		High-confidence
17	7577055	G	C	0.936470		High-confidence
17	7577054	G	T	0.886074		Low-confidence
17	7577054	G	A	0.893551		High-confidence
17	7577054	G	C	0.872959		Low-confidence
17	7577055	G	A	0.925535		High-confidence
17	7577055	G	T	0.924178		High-confidence
17	7577051	T	A	0.945667		High-confidence
17	7577052	G	T	0.948044		High-confidence
17	7577051	T	G	0.968896		High-confidence
17	7577050	G	C	0.899975		High-confidence
17	7577051	T	C	0.960184		High-confidence
17	7577049	G	T	0.881594		Low-confidence
17	7577048	T	G	0.984261		High-confidence
17	7577045	T	G	0.950901		High-confidence
17	7577044	C	G	0.970009		High-confidence
17	7577045	T	A	0.924340		High-confidence
17	7577042	A	G	0.986848		High-confidence
17	7577043	G	C	0.952707		High-confidence
17	7577039	G	A	0.902141		High-confidence
17	7577039	G	C	0.895333		High-confidence
17	7577040	G	A	0.915921		High-confidence
17	7577037	G	C	0.939871		High-confidence
17	7577036	G	A	0.919686		High-confidence
17	7577036	G	T	0.916911		High-confidence
17	7577037	G	A	0.913370		High-confidence
17	7577034	C	G	0.922161		High-confidence
17	7577031	T	A	0.932185		High-confidence
17	7577030	C	T	0.934266		High-confidence
17	7577030	C	G	0.970242		High-confidence
17	7577028	T	C	0.946290		High-confidence
17	7577027	G	A	0.932619		High-confidence
17	7577027	G	T	0.932619		High-confidence
17	7577025	T	C	0.949622		High-confidence
17	7577023	C	A	0.940701		High-confidence
17	7577023	C	G	0.966897		High-confidence
17	7577024	T	C	0.950198		High-confidence
17	7577021	C	G	0.975736		High-confidence
17	7577019	C	A	0.907533		High-confidence
17	7577019	C	T	0.925227		High-confidence
17	7576924	G	T	0.874585		Low-confidence
17	7576924	G	C	0.879449		Low-confidence
17	7576920	G	C	0.857389		Low-confidence
17	7576918	T	C	0.866857		Low-confidence
17	7576918	T	G	0.912363		High-confidence
17	7576917	T	G	0.973806		High-confidence
17	7576915	T	C	0.864862		Low-confidence
17	7576915	T	G	0.892307		High-confidence
17	7576913	G	C	0.850355		Low-confidence
17	7576915	T	A	0.845750		Low-confidence
17	7576912	T	C	0.873277		Low-confidence
17	7576911	G	C	0.835916		Low-confidence
17	7576912	T	A	0.864850		Low-confidence
17	7576909	T	A	0.830487		Low-confidence
17	7576908	C	T	0.827263		Low-confidence
17	7576905	G	A	0.819864		Low-confidence
17	7576903	A	G	0.915882		High-confidence
17	7576897	G	T	0.776780		Low-confidence
17	7576896	T	G	0.945509		High-confidence
17	7576894	G	C	0.863086		Low-confidence
17	7576891	T	C	0.887397		Low-confidence
17	7576890	T	C	0.882085		Low-confidence
17	7576881	G	C	0.858549		Low-confidence
17	7576879	G	T	0.824882		Low-confidence
17	7576878	A	G	0.882746		Low-confidence
17	7576878	A	C	0.858835		Low-confidence
17	7576879	G	C	0.831301		Low-confidence
17	7576874	A	C	0.880481		Low-confidence
17	7576867	A	C	0.895925		High-confidence
17	7576863	A	G	0.921361		High-confidence
17	7576864	A	C	0.884110		Low-confidence
17	7576860	G	A	0.819788		Low-confidence
17	7576858	G	A	0.797792		Low-confidence
17	7576854	T	G	0.906687		High-confidence
17	7574033	T	C	0.776453		Low-confidence
17	7574029	C	T	0.727782		Low-confidence
17	7574023	C	A	0.711913		Low-confidence
17	7574021	C	T	0.536706		Low-confidence
17	7574012	C	T	0.817916		Low-confidence
17	7574012	C	G	0.872998		Low-confidence
17	7574007	C	T	0.631545		Low-confidence
17	7574009	T	C	0.768284		Low-confidence
17	7574004	G	T	0.552409		Low-confidence
17	7574002	C	T	0.744604		Low-confidence
17	7573999	T	A	0.579195		Low-confidence
17	7573993	T	A	0.713798		Low-confidence
17	7573990	T	G	0.661899		Low-confidence
17	7573987	G	C	0.624098		Low-confidence
17	7573979	G	A	0.745717		Low-confidence
17	7573975	T	C	0.848193		Low-confidence
17	7573972	T	C	0.863295		Low-confidence
17	7573973	C	T	0.727634		Low-confidence
17	7573970	C	T	0.575576		Low-confidence
17	7573969	G	A	0.708904		Low-confidence
17	7573965	C	A	0.623630		Low-confidence
17	7573967	G	T	0.482546		Neutral
17	7573961	C	A	0.470553		Neutral
17	7573954	T	A	0.560990		Low-confidence
17	7573952	G	A	0.563406		Low-confidence
17	7573948	C	G	0.720687		Low-confidence
17	7573946	C	T	0.689996		Low-confidence
17	7573936	G	T	0.506952		Low-confidence
17	7573934	G	A	0.612368		Low-confidence
17	7573931	A	C	0.490810		Neutral
17	7573001	T	G	0.290938		Neutral
17	7572998	A	G	0.519503		Low-confidence
17	7572991	T	C	0.389590		Neutral
17	7572989	C	A	0.214345		Neutral
17	7572983	A	C	0.555583		Low-confidence
17	7572982	G	A	0.323813		Neutral
17	7572983	A	T	0.383914		Neutral
17	7572979	G	A	0.392820		Neutral
17	7572973	C	G	0.796087		Low-confidence
17	7572971	G	A	0.270925		Neutral
17	7572962	G	A	0.563127		Low-confidence
17	7572951	C	G	0.397255		Neutral
17	7572943	C	T	0.308229		Neutral
17	7572943	C	A	0.270704		Neutral
17	7572940	G	A	0.458466		Neutral
17	7572938	C	A	0.305523		Neutral
17	7572932	C	G	0.436916		Neutral
