variant_id,reference_genome,chrom,pos,ref,alt,rsids,transcript_id,transcript_version,is_canonical,hgvs,hgvsc,hgvsp,major_consequence,wt_residue,protein_position,mutated_residue,genome.ac,genome.an,genome_fr,exome.ac,exome.an,exome_fr,total.ac,total.an,total_fr
17-7572932-C-A,GRCh37,17,7572932,C,A,['rs1192921623'],ENST00000269305,4,True,p.Asp393Tyr,c.1177G>T,p.Asp393Tyr,missense_variant,Asp,393,Tyr,NA,NA,NA,1.0,251496.0,3.976206381016e-06,NA,NA,NA
17-7572934-G-T,GRCh37,17,7572934,G,T,['rs769664911'],ENST00000269305,4,True,p.Ser392Ter,c.1175C>A,p.Ser392Ter,stop_gained,Ser,392,Ter,NA,NA,NA,1.0,251496.0,3.976206381016e-06,NA,NA,NA
17-7572941-GC-G,GRCh37,17,7572941,GC,G,['rs749817236'],ENST00000269305,4,True,p.Pro390LeufsTer32,c.1167delG,p.Pro390LeufsTer32,frameshift_variant,Pro,390,LeufsTer32,NA,NA,NA,0.0,251490.0,0.0,NA,NA,NA
17-7572946-T-G,GRCh37,17,7572946,T,G,['rs587781736'],ENST00000269305,4,True,p.Glu388Ala,c.1163A>C,p.Glu388Ala,missense_variant,Glu,388,Ala,NA,NA,NA,1.0,251492.0,3.976269622890589e-06,NA,NA,NA
17-7572949-G-C,GRCh37,17,7572949,G,C,['rs927888647'],ENST00000269305,4,True,p.Thr387Arg,c.1160C>G,p.Thr387Arg,missense_variant,Thr,387,Arg,NA,NA,NA,1.0,251492.0,3.976269622890589e-06,NA,NA,NA
17-7572958-A-G,GRCh37,17,7572958,A,G,['rs1060501196'],ENST00000269305,4,True,p.Met384Thr,c.1151T>C,p.Met384Thr,missense_variant,Met,384,Thr,NA,NA,NA,1.0,251490.0,3.97630124458229e-06,NA,NA,NA
17-7572960-G-A,GRCh37,17,7572960,G,A,['rs373710656'],ENST00000269305,4,True,p.Leu383Leu,c.1149C>T,p.Leu383Leu,synonymous_variant,Leu,383,Leu,NA,NA,NA,9.0,251486.0,3.5787280405271066e-05,NA,NA,NA
17-7572973-C-CGGGGG,GRCh37,17,7572973,C,CGGGGG,['rs863224682'],ENST00000269305,4,True,p.Arg379ProfsTer45,c.1135_1136insCCCCC,p.Arg379ProfsTer45,frameshift_variant,Arg,379,ProfsTer45,NA,NA,NA,0.0,251418.0,0.0,NA,NA,NA
17-7572973-C-CGGGGGGGGG,GRCh37,17,7572973,C,CGGGGGGGGG,['rs863224682'],ENST00000269305,4,True,p.Ser378_Arg379insProProPro,c.1135_1136insCCCCCCCCC,p.Ser378_Arg379insProProPro,inframe_insertion,multiple,378-379,insProProPro,NA,NA,NA,0.0,251418.0,0.0,NA,NA,NA
17-7572973-C-T,GRCh37,17,7572973,C,T,['rs863224682'],ENST00000269305,4,True,p.Arg379His,c.1136G>A,p.Arg379His,missense_variant,Arg,379,His,1.0,31374.0,3.187352584942946e-05,1.0,251418.0,3.9774399605437955e-06,2.0,282792.0,7.072335851084896e-06
17-7572974-G-A,GRCh37,17,7572974,G,A,['rs749061599'],ENST00000269305,4,True,p.Arg379Cys,c.1135C>T,p.Arg379Cys,missense_variant,Arg,379,Cys,NA,NA,NA,1.0,251414.0,3.977503241665142e-06,NA,NA,NA
17-7572974-G-T,GRCh37,17,7572974,G,T,['rs749061599'],ENST00000269305,4,True,p.Arg379Ser,c.1135C>A,p.Arg379Ser,missense_variant,Arg,379,Ser,NA,NA,NA,1.0,251414.0,3.977503241665142e-06,NA,NA,NA
17-7572980-T-A,GRCh37,17,7572980,T,A,['rs774269719'],ENST00000269305,4,True,p.Thr377Ser,c.1129A>T,p.Thr377Ser,missense_variant,Thr,377,Ser,NA,NA,NA,1.0,247380.0,4.042363974452259e-06,NA,NA,NA
17-7572989-C-A,GRCh37,17,7572989,C,A,['rs587781858'],ENST00000269305,4,True,p.Gly374Cys,c.1120G>T,p.Gly374Cys,missense_variant,Gly,374,Cys,NA,NA,NA,1.0,251338.0,3.978705965671725e-06,NA,NA,NA
17-7572989-C-G,GRCh37,17,7572989,C,G,['rs587781858'],ENST00000269305,4,True,p.Gly374Arg,c.1120G>C,p.Gly374Arg,missense_variant,Gly,374,Arg,1.0,31378.0,3.18694626808592e-05,1.0,251338.0,3.978705965671725e-06,2.0,282716.0,7.0742370435348545e-06
17-7573005-G-T,GRCh37,17,7573005,G,T,['rs1289241865'],ENST00000269305,4,True,p.His368Gln,c.1104C>A,p.His368Gln,missense_variant,His,368,Gln,NA,NA,NA,1.0,251226.0,3.980479727416748e-06,NA,NA,NA
17-7573927-C-T,GRCh37,17,7573927,C,T,['rs749150541'],ENST00000269305,4,True,p.Ser367Asn,c.1100G>A,p.Ser367Asn,missense_variant,Ser,367,Asn,NA,NA,NA,1.0,248990.0,4.016225551226957e-06,NA,NA,NA
17-7573931-A-C,GRCh37,17,7573931,A,C,['rs17881470'],ENST00000269305,4,True,p.Ser366Ala,c.1096T>G,p.Ser366Ala,missense_variant,Ser,366,Ala,NA,NA,NA,15.0,249484.0,6.0124096134421444e-05,NA,NA,NA
17-7573940-T-C,GRCh37,17,7573940,T,C,['rs745751553'],ENST00000269305,4,True,p.Arg363Gly,c.1087A>G,p.Arg363Gly,missense_variant,Arg,363,Gly,NA,NA,NA,1.0,250052.0,3.999168173020012e-06,NA,NA,NA
17-7573942-C-T,GRCh37,17,7573942,C,T,['rs768803947'],ENST00000269305,4,True,p.Ser362Asn,c.1085G>A,p.Ser362Asn,missense_variant,Ser,362,Asn,NA,NA,NA,1.0,250144.0,3.997697326340028e-06,NA,NA,NA
17-7573942-C-A,GRCh37,17,7573942,C,A,['rs768803947'],ENST00000269305,4,True,p.Ser362Ile,c.1085G>T,p.Ser362Ile,missense_variant,Ser,362,Ile,NA,NA,NA,1.0,250144.0,3.997697326340028e-06,NA,NA,NA
17-7573943-T-A,GRCh37,17,7573943,T,A,['rs1287887419'],ENST00000269305,4,True,p.Ser362Cys,c.1084A>T,p.Ser362Cys,missense_variant,Ser,362,Cys,NA,NA,NA,1.0,250058.0,3.999072215246063e-06,NA,NA,NA
17-7573944-C-T,GRCh37,17,7573944,C,T,['rs886038349'],ENST00000269305,4,True,p.Gly361Gly,c.1083G>A,p.Gly361Gly,synonymous_variant,Gly,361,Gly,NA,NA,NA,1.0,250098.0,3.998432614415149e-06,NA,NA,NA
17-7573948-C-A,GRCh37,17,7573948,C,A,['rs35993958'],ENST00000269305,4,True,p.Gly360Val,c.1079G>T,p.Gly360Val,missense_variant,Gly,360,Val,NA,NA,NA,14.0,250440.0,5.590161316083693e-05,NA,NA,NA
17-7573948-C-T,GRCh37,17,7573948,C,T,['rs35993958'],ENST00000269305,4,True,p.Gly360Glu,c.1079G>A,p.Gly360Glu,missense_variant,Gly,360,Glu,NA,NA,NA,1.0,250440.0,3.992972368631209e-06,NA,NA,NA
17-7573949-C-T,GRCh37,17,7573949,C,T,['rs786203298'],ENST00000269305,4,True,p.Gly360Arg,c.1078G>A,p.Gly360Arg,missense_variant,Gly,360,Arg,1.0,31386.0,3.1861339450710506e-05,1.0,250484.0,3.992270963414829e-06,2.0,281870.0,7.095469542696988e-06
17-7573950-T-C,GRCh37,17,7573950,T,C,['rs539224556'],ENST00000269305,4,True,p.Pro359Pro,c.1077A>G,p.Pro359Pro,synonymous_variant,Pro,359,Pro,NA,NA,NA,1.0,250534.0,3.991474211085122e-06,NA,NA,NA
17-7573954-T-A,GRCh37,17,7573954,T,A,['rs773553186'],ENST00000269305,4,True,p.Glu358Val,c.1073A>T,p.Glu358Val,missense_variant,Glu,358,Val,NA,NA,NA,5.0,250694.0,1.9944633696857525e-05,NA,NA,NA
17-7573957-T-C,GRCh37,17,7573957,T,C,['rs763426446'],ENST00000269305,4,True,p.Lys357Arg,c.1070A>G,p.Lys357Arg,missense_variant,Lys,357,Arg,NA,NA,NA,1.0,250772.0,3.987686025553092e-06,NA,NA,NA
17-7573961-C-G,GRCh37,17,7573961,C,G,['rs766786605'],ENST00000269305,4,True,p.Gly356Arg,c.1066G>C,p.Gly356Arg,missense_variant,Gly,356,Arg,NA,NA,NA,1.0,250802.0,3.987209033420786e-06,NA,NA,NA
17-7573964-C-T,GRCh37,17,7573964,C,T,['rs1157427821'],ENST00000269305,4,True,p.Ala355Thr,c.1063G>A,p.Ala355Thr,missense_variant,Ala,355,Thr,NA,NA,NA,1.0,250870.0,3.986128273607845e-06,NA,NA,NA
17-7573965-C-T,GRCh37,17,7573965,C,T,['rs1382535379'],ENST00000269305,4,True,p.Gln354Gln,c.1062G>A,p.Gln354Gln,synonymous_variant,Gln,354,Gln,NA,NA,NA,1.0,250898.0,3.985683425136909e-06,NA,NA,NA
17-7573966-T-C,GRCh37,17,7573966,T,C,['rs752142489'],ENST00000269305,4,True,p.Gln354Arg,c.1061A>G,p.Gln354Arg,missense_variant,Gln,354,Arg,NA,NA,NA,2.0,250854.0,7.972765034641664e-06,NA,NA,NA
17-7573967-G-T,GRCh37,17,7573967,G,T,['rs755394212'],ENST00000269305,4,True,p.Gln354Lys,c.1060C>A,p.Gln354Lys,missense_variant,Gln,354,Lys,NA,NA,NA,5.0,250864.0,1.993111805599847e-05,NA,NA,NA
17-7573979-G-A,GRCh37,17,7573979,G,A,['rs768046010'],ENST00000269305,4,True,p.Leu350Phe,c.1048C>T,p.Leu350Phe,missense_variant,Leu,350,Phe,NA,NA,NA,0.0,251008.0,0.0,NA,NA,NA
17-7573979-G-C,GRCh37,17,7573979,G,C,['rs768046010'],ENST00000269305,4,True,p.Leu350Val,c.1048C>G,p.Leu350Val,missense_variant,Leu,350,Val,NA,NA,NA,1.0,251008.0,3.983936766955635e-06,NA,NA,NA
17-7573986-G-A,GRCh37,17,7573986,G,A,['rs1450229137'],ENST00000269305,4,True,p.Ala347Ala,c.1041C>T,p.Ala347Ala,synonymous_variant,Ala,347,Ala,NA,NA,NA,0.0,251018.0,0.0,NA,NA,NA
17-7573995-C-G,GRCh37,17,7573995,C,G,['rs752189180'],ENST00000269305,4,True,p.Leu344Leu,c.1032G>C,p.Leu344Leu,synonymous_variant,Leu,344,Leu,NA,NA,NA,2.0,251040.0,7.966857871255576e-06,NA,NA,NA
17-7574002-C-T,GRCh37,17,7574002,C,T,['rs375338359'],ENST00000269305,4,True,p.Arg342Gln,c.1025G>A,p.Arg342Gln,missense_variant,Arg,342,Gln,NA,NA,NA,2.0,250992.0,7.968381462357365e-06,NA,NA,NA
17-7574011-T-A,GRCh37,17,7574011,T,A,['rs1237829645'],ENST00000269305,4,True,p.Glu339Val,c.1016A>T,p.Glu339Val,missense_variant,Glu,339,Val,NA,NA,NA,1.0,250932.0,3.985143385459009e-06,NA,NA,NA
17-7574012-C-G,GRCh37,17,7574012,C,G,['rs17882252'],ENST00000269305,4,True,p.Glu339Gln,c.1015G>C,p.Glu339Gln,missense_variant,Glu,339,Gln,NA,NA,NA,2.0,250918.0,7.970731474027372e-06,NA,NA,NA
17-7574012-C-T,GRCh37,17,7574012,C,T,['rs17882252'],ENST00000269305,4,True,p.Glu339Lys,c.1015G>A,p.Glu339Lys,missense_variant,Glu,339,Lys,2.0,31388.0,6.371861858034918e-05,16.0,250918.0,6.376585179221898e-05,18.0,282306.0,6.376060019978321e-05
17-7574013-G-C,GRCh37,17,7574013,G,C,['rs150293825'],ENST00000269305,4,True,p.Phe338Leu,c.1014C>G,p.Phe338Leu,missense_variant,Phe,338,Leu,NA,NA,NA,1.0,250924.0,3.985270440452089e-06,NA,NA,NA
17-7574016-G-A,GRCh37,17,7574016,G,A,['rs1218459955'],ENST00000269305,4,True,p.Arg337Arg,c.1011C>T,p.Arg337Arg,synonymous_variant,Arg,337,Arg,NA,NA,NA,1.0,250888.0,3.985842288192341e-06,NA,NA,NA
17-7574017-C-T,GRCh37,17,7574017,C,T,['rs121912664'],ENST00000269305,4,True,p.Arg337His,c.1010G>A,p.Arg337His,missense_variant,Arg,337,His,NA,NA,NA,3.0,250846.0,1.1959528954019598e-05,NA,NA,NA
17-7574018-G-A,GRCh37,17,7574018,G,A,['rs587782529'],ENST00000269305,4,True,p.Arg337Cys,c.1009C>T,p.Arg337Cys,missense_variant,Arg,337,Cys,NA,NA,NA,0.0,250834.0,0.0,NA,NA,NA
17-7574023-C-T,GRCh37,17,7574023,C,T,['rs771939956'],ENST00000269305,4,True,p.Arg335His,c.1004G>A,p.Arg335His,missense_variant,Arg,335,His,NA,NA,NA,1.0,250726.0,3.988417635187416e-06,NA,NA,NA
17-7574027-C-G,GRCh37,17,7574027,C,G,['rs730882028'],ENST00000269305,4,True,p.Gly334Arg,c.1000G>C,p.Gly334Arg,missense_variant,Gly,334,Arg,NA,NA,NA,1.0,250586.0,3.990645925949574e-06,NA,NA,NA
17-7574029-C-T,GRCh37,17,7574029,C,T,['rs573154688'],ENST00000269305,4,True,p.Arg333His,c.998G>A,p.Arg333His,missense_variant,Arg,333,His,1.0,31406.0,3.1841049480990894e-05,11.0,250566.0,4.3900609021176057e-05,12.0,281972.0,4.255741704850127e-05
17-7574030-G-C,GRCh37,17,7574030,G,C,['rs769934890'],ENST00000269305,4,True,p.Arg333Gly,c.997C>G,p.Arg333Gly,missense_variant,Arg,333,Gly,NA,NA,NA,1.0,250508.0,3.99188848260335e-06,NA,NA,NA
17-7574030-G-A,GRCh37,17,7574030,G,A,['rs769934890'],ENST00000269305,4,True,p.Arg333Cys,c.997C>T,p.Arg333Cys,missense_variant,Arg,333,Cys,NA,NA,NA,6.0,250508.0,2.39513308956201e-05,NA,NA,NA
17-7576860-G-A,GRCh37,17,7576860,G,A,['rs969930693'],ENST00000269305,4,True,p.Thr329Ile,c.986C>T,p.Thr329Ile,missense_variant,Thr,329,Ile,NA,NA,NA,1.0,251390.0,3.977882970683003e-06,NA,NA,NA
17-7576868-T-G,GRCh37,17,7576868,T,G,['rs1000256867'],ENST00000269305,4,True,p.Glu326Asp,c.978A>C,p.Glu326Asp,missense_variant,Glu,326,Asp,NA,NA,NA,1.0,251418.0,3.9774399605437955e-06,NA,NA,NA
17-7576871-T-C,GRCh37,17,7576871,T,C,['rs1245012034'],ENST00000269305,4,True,p.Gly325Gly,c.975A>G,p.Gly325Gly,synonymous_variant,Gly,325,Gly,NA,NA,NA,1.0,251416.0,3.97747160085277e-06,NA,NA,NA
17-7576872-C-A,GRCh37,17,7576872,C,A,['rs121912659'],ENST00000269305,4,True,p.Gly325Val,c.974G>T,p.Gly325Val,missense_variant,Gly,325,Val,NA,NA,NA,1.0,251420.0,3.977408320738207e-06,NA,NA,NA
17-7576875-T-C,GRCh37,17,7576875,T,C,['rs1177881399'],ENST00000269305,4,True,p.Asp324Gly,c.971A>G,p.Asp324Gly,missense_variant,Asp,324,Gly,NA,NA,NA,1.0,251444.0,3.977028682330857e-06,NA,NA,NA
17-7576876-C-T,GRCh37,17,7576876,C,T,['rs1064794810'],ENST00000269305,4,True,p.Asp324Asn,c.970G>A,p.Asp324Asn,missense_variant,Asp,324,Asn,NA,NA,NA,1.0,251444.0,3.977028682330857e-06,NA,NA,NA
17-7576876-C-G,GRCh37,17,7576876,C,G,['rs1064794810'],ENST00000269305,4,True,p.Asp324His,c.970G>C,p.Asp324His,missense_variant,Asp,324,His,NA,NA,NA,2.0,251444.0,7.954057364661714e-06,NA,NA,NA
17-7576892-T-G,GRCh37,17,7576892,T,G,['rs761322293'],ENST00000269305,4,True,p.Pro318Pro,c.954A>C,p.Pro318Pro,synonymous_variant,Pro,318,Pro,NA,NA,NA,1.0,251466.0,3.976680744116501e-06,NA,NA,NA
17-7576896-T-C,GRCh37,17,7576896,T,C,['rs1159579789'],ENST00000269305,4,True,p.Gln317Arg,c.950A>G,p.Gln317Arg,missense_variant,Gln,317,Arg,NA,NA,NA,1.0,251460.0,3.976775630318937e-06,NA,NA,NA
17-7576897-G-T,GRCh37,17,7576897,G,T,['rs764735889'],ENST00000269305,4,True,p.Gln317Lys,c.949C>A,p.Gln317Lys,missense_variant,Gln,317,Lys,1.0,31400.0,3.184713375796178e-05,1.0,251468.0,3.976649116388566e-06,2.0,282868.0,7.070435680246617e-06
17-7576900-G-T,GRCh37,17,7576900,G,T,['rs772773208'],ENST00000269305,4,True,p.Pro316Thr,c.946C>A,p.Pro316Thr,missense_variant,Pro,316,Thr,NA,NA,NA,1.0,251478.0,3.976490985294937e-06,NA,NA,NA
17-7576903-A-T,GRCh37,17,7576903,A,T,['rs762620193'],ENST00000269305,4,True,p.Ser315Thr,c.943T>A,p.Ser315Thr,missense_variant,Ser,315,Thr,NA,NA,NA,3.0,251474.0,1.1929662708669683e-05,NA,NA,NA
17-7576904-G-T,GRCh37,17,7576904,G,T,['rs765930028'],ENST00000269305,4,True,p.Ser314Ser,c.942C>A,p.Ser314Ser,synonymous_variant,Ser,314,Ser,NA,NA,NA,2.0,251484.0,7.95279222535032e-06,NA,NA,NA
17-7576905-G-A,GRCh37,17,7576905,G,A,['rs751440465'],ENST00000269305,4,True,p.Ser314Phe,c.941C>T,p.Ser314Phe,missense_variant,Ser,314,Phe,NA,NA,NA,1.0,251486.0,3.976364489474563e-06,NA,NA,NA
17-7576911-G-C,GRCh37,17,7576911,G,C,['rs145151284'],ENST00000269305,4,True,p.Thr312Ser,c.935C>G,p.Thr312Ser,missense_variant,Thr,312,Ser,4.0,31396.0,0.00012740476493820868,17.0,251488.0,6.759765873520805e-05,21.0,282884.0,7.423537563100069e-05
17-7576916-G-C,GRCh37,17,7576916,G,C,['rs876660829'],ENST00000269305,4,True,p.Asn310Lys,c.930C>G,p.Asn310Lys,missense_variant,Asn,310,Lys,NA,NA,NA,2.0,251480.0,7.952918721170669e-06,NA,NA,NA
17-7576919-G-A,GRCh37,17,7576919,G,A,['rs1393711933'],ENST00000269305,4,True,p.Pro309Pro,c.927C>T,p.Pro309Pro,synonymous_variant,Pro,309,Pro,NA,NA,NA,1.0,251476.0,3.976522610507564e-06,NA,NA,NA
17-7577021-C-T,GRCh37,17,7577021,C,T,['rs1048095040'],ENST00000269305,4,True,p.Arg306Gln,c.917G>A,p.Arg306Gln,missense_variant,Arg,306,Gln,NA,NA,NA,1.0,251484.0,3.97639611267516e-06,NA,NA,NA
17-7577028-T-C,GRCh37,17,7577028,T,C,['rs587782654'],ENST00000269305,4,True,p.Thr304Ala,c.910A>G,p.Thr304Ala,missense_variant,Thr,304,Ala,NA,NA,NA,4.0,251492.0,1.5905078491562355e-05,NA,NA,NA
17-7577038-G-A,GRCh37,17,7577038,G,A,['rs767356182'],ENST00000269305,4,True,p.Pro300Pro,c.900C>T,p.Pro300Pro,synonymous_variant,Pro,300,Pro,NA,NA,NA,1.0,251494.0,3.97623800170183e-06,NA,NA,NA
17-7577043-G-A,GRCh37,17,7577043,G,A,['rs752701561'],ENST00000269305,4,True,p.Leu299Leu,c.895C>T,p.Leu299Leu,synonymous_variant,Leu,299,Leu,NA,NA,NA,1.0,251490.0,3.97630124458229e-06,NA,NA,NA
17-7577043-G-GCT,GRCh37,17,7577043,G,GCT,['rs752701561'],ENST00000269305,4,True,p.Leu299SerfsTer47,c.893_894dupAG,p.Leu299SerfsTer47,frameshift_variant,Leu,299,SerfsTer47,NA,NA,NA,0.0,251490.0,0.0,NA,NA,NA
17-7577044-C-T,GRCh37,17,7577044,C,T,['rs756123992'],ENST00000269305,4,True,p.Glu298Glu,c.894G>A,p.Glu298Glu,synonymous_variant,Glu,298,Glu,NA,NA,NA,2.0,251492.0,7.952539245781177e-06,NA,NA,NA
17-7577046-C-T,GRCh37,17,7577046,C,T,['rs201744589'],ENST00000269305,4,True,p.Glu298Lys,c.892G>A,p.Glu298Lys,missense_variant,Glu,298,Lys,NA,NA,NA,3.0,251492.0,1.1928808868671766e-05,NA,NA,NA
17-7577046-C-G,GRCh37,17,7577046,C,G,['rs201744589'],ENST00000269305,4,True,p.Glu298Gln,c.892G>C,p.Glu298Gln,missense_variant,Glu,298,Gln,NA,NA,NA,1.0,251492.0,3.976269622890589e-06,NA,NA,NA
17-7577047-G-A,GRCh37,17,7577047,G,A,['rs750578863'],ENST00000269305,4,True,p.His297His,c.891C>T,p.His297His,synonymous_variant,His,297,His,1.0,31392.0,3.1855249745158005e-05,3.0,251490.0,1.1928903733746868e-05,4.0,282882.0,1.4140171520280541e-05
17-7577050-G-A,GRCh37,17,7577050,G,A,['rs758395031'],ENST00000269305,4,True,p.His296His,c.888C>T,p.His296His,synonymous_variant,His,296,His,NA,NA,NA,1.0,251486.0,3.976364489474563e-06,NA,NA,NA
17-7577053-A-G,GRCh37,17,7577053,A,G,['rs200073907'],ENST00000269305,4,True,p.Pro295Pro,c.885T>C,p.Pro295Pro,synonymous_variant,Pro,295,Pro,1.0,31372.0,3.187555782226189e-05,12.0,251494.0,4.771485602042196e-05,13.0,282866.0,4.595815686579511e-05
17-7577054-G-A,GRCh37,17,7577054,G,A,['rs751713111'],ENST00000269305,4,True,p.Pro295Leu,c.884C>T,p.Pro295Leu,missense_variant,Pro,295,Leu,1.0,31390.0,3.185727938834024e-05,5.0,251492.0,1.9881348114452945e-05,6.0,282882.0,2.1210257280420813e-05
17-7577056-C-G,GRCh37,17,7577056,C,G,['rs1305324490'],ENST00000269305,4,True,p.Glu294Asp,c.882G>C,p.Glu294Asp,missense_variant,Glu,294,Asp,NA,NA,NA,1.0,251492.0,3.976269622890589e-06,NA,NA,NA
17-7577059-C-T,GRCh37,17,7577059,C,T,['rs1366652292'],ENST00000269305,4,True,p.Gly293Gly,c.879G>A,p.Gly293Gly,synonymous_variant,Gly,293,Gly,NA,NA,NA,1.0,251490.0,3.97630124458229e-06,NA,NA,NA
17-7577061-C-A,GRCh37,17,7577061,C,A,['rs587780076'],ENST00000269305,4,True,p.Gly293Trp,c.877G>T,p.Gly293Trp,missense_variant,Gly,293,Trp,1.0,31394.0,3.185322036057845e-05,2.0,251482.0,7.952855472757494e-06,3.0,282876.0,1.060535358248844e-05
17-7577061-C-T,GRCh37,17,7577061,C,T,['rs587780076'],ENST00000269305,4,True,p.Gly293Arg,c.877G>A,p.Gly293Arg,missense_variant,Gly,293,Arg,NA,NA,NA,2.0,251482.0,7.952855472757494e-06,NA,NA,NA
17-7577066-T-C,GRCh37,17,7577066,T,C,['rs781490101'],ENST00000269305,4,True,p.Lys291Arg,c.872A>G,p.Lys291Arg,missense_variant,Lys,291,Arg,NA,NA,NA,2.0,251488.0,7.952665733553887e-06,NA,NA,NA
17-7577068-G-GCGGTTTCCGC,GRCh37,17,7577068,G,GCGGTTTCCGC,['rs764803020'],ENST00000269305,4,True,p.Lys291ArgfsTer18,c.869_870insGCGGAAACCG,p.Lys291ArgfsTer18,frameshift_variant,Lys,291,ArgfsTer18,NA,NA,NA,1.0,251486.0,3.976364489474563e-06,NA,NA,NA
17-7577070-G-A,GRCh37,17,7577070,G,A,['rs770374782'],ENST00000269305,4,True,p.Arg290Cys,c.868C>T,p.Arg290Cys,missense_variant,Arg,290,Cys,1.0,31384.0,3.186336986999745e-05,3.0,251486.0,1.192909346842369e-05,4.0,282870.0,1.4140771379078729e-05
17-7577071-G-A,GRCh37,17,7577071,G,A,['rs778138282'],ENST00000269305,4,True,p.Leu289Leu,c.867C>T,p.Leu289Leu,synonymous_variant,Leu,289,Leu,NA,NA,NA,1.0,251486.0,3.976364489474563e-06,NA,NA,NA
17-7577077-C-G,GRCh37,17,7577077,C,G,['rs748891343'],ENST00000269305,4,True,p.Glu287Asp,c.861G>C,p.Glu287Asp,missense_variant,Glu,287,Asp,NA,NA,NA,2.0,251484.0,7.95279222535032e-06,NA,NA,NA
17-7577079-C-T,GRCh37,17,7577079,C,T,['rs587782006'],ENST00000269305,4,True,p.Glu287Lys,c.859G>A,p.Glu287Lys,missense_variant,Glu,287,Lys,NA,NA,NA,1.0,251476.0,3.976522610507564e-06,NA,NA,NA
17-7577083-C-T,GRCh37,17,7577083,C,T,['rs1487868349'],ENST00000269305,4,True,p.Glu285Glu,c.855G>A,p.Glu285Glu,synonymous_variant,Glu,285,Glu,1.0,31392.0,3.1855249745158005e-05,1.0,251472.0,3.976585862441942e-06,2.0,282864.0,7.070535663781888e-06
17-7577084-T-A,GRCh37,17,7577084,T,A,['rs121912667'],ENST00000269305,4,True,p.Glu285Val,c.854A>T,p.Glu285Val,missense_variant,Glu,285,Val,NA,NA,NA,0.0,251472.0,0.0,NA,NA,NA
17-7577086-T-G,GRCh37,17,7577086,T,G,['rs786203004'],ENST00000269305,4,True,p.Thr284Thr,c.852A>C,p.Thr284Thr,synonymous_variant,Thr,284,Thr,NA,NA,NA,1.0,251472.0,3.976585862441942e-06,NA,NA,NA
17-7577090-C-T,GRCh37,17,7577090,C,T,['rs371409680'],ENST00000269305,4,True,p.Arg283His,c.848G>A,p.Arg283His,missense_variant,Arg,283,His,NA,NA,NA,10.0,251452.0,3.976902152299445e-05,NA,NA,NA
17-7577091-G-T,GRCh37,17,7577091,G,T,['rs149633775'],ENST00000269305,4,True,p.Arg283Ser,c.847C>A,p.Arg283Ser,missense_variant,Arg,283,Ser,NA,NA,NA,1.0,251440.0,3.977091950365892e-06,NA,NA,NA
17-7577091-G-A,GRCh37,17,7577091,G,A,['rs149633775'],ENST00000269305,4,True,p.Arg283Cys,c.847C>T,p.Arg283Cys,missense_variant,Arg,283,Cys,3.0,31388.0,9.557792787052377e-05,18.0,251440.0,7.158765510658606e-05,21.0,282828.0,7.425007425007424e-05
17-7577093-C-T,GRCh37,17,7577093,C,T,['rs730882008'],ENST00000269305,4,True,p.Arg282Gln,c.845G>A,p.Arg282Gln,missense_variant,Arg,282,Gln,NA,NA,NA,1.0,251444.0,3.977028682330857e-06,NA,NA,NA
17-7577094-G-A,GRCh37,17,7577094,G,A,['rs28934574'],ENST00000269305,4,True,p.Arg282Trp,c.844C>T,p.Arg282Trp,missense_variant,Arg,282,Trp,NA,NA,NA,1.0,251410.0,3.977566524800128e-06,NA,NA,NA
17-7577097-C-T,GRCh37,17,7577097,C,T,['rs764146326'],ENST00000269305,4,True,p.Asp281Asn,c.841G>A,p.Asp281Asn,missense_variant,Asp,281,Asn,NA,NA,NA,1.0,251436.0,3.977155220413942e-06,NA,NA,NA
17-7577100-T-G,GRCh37,17,7577100,T,G,['rs753660142'],ENST00000269305,4,True,p.Arg280Arg,c.838A>C,p.Arg280Arg,synonymous_variant,Arg,280,Arg,NA,NA,NA,4.0,251408.0,1.5910392668491057e-05,NA,NA,NA
17-7577108-C-A,GRCh37,17,7577108,C,A,['rs763098116'],ENST00000269305,4,True,p.Cys277Phe,c.830G>T,p.Cys277Phe,missense_variant,Cys,277,Phe,NA,NA,NA,1.0,251308.0,3.979180925398316e-06,NA,NA,NA
17-7577108-C-T,GRCh37,17,7577108,C,T,['rs763098116'],ENST00000269305,4,True,p.Cys277Tyr,c.830G>A,p.Cys277Tyr,missense_variant,Cys,277,Tyr,NA,NA,NA,0.0,251308.0,0.0,NA,NA,NA
17-7577120-C-T,GRCh37,17,7577120,C,T,['rs28934576'],ENST00000269305,4,True,p.Arg273His,c.818G>A,p.Arg273His,missense_variant,Arg,273,His,NA,NA,NA,4.0,251054.0,1.5932827200522597e-05,NA,NA,NA
17-7577120-C-A,GRCh37,17,7577120,C,A,['rs28934576'],ENST00000269305,4,True,p.Arg273Leu,c.818G>T,p.Arg273Leu,missense_variant,Arg,273,Leu,NA,NA,NA,1.0,251054.0,3.983206800130649e-06,NA,NA,NA
17-7577121-G-T,GRCh37,17,7577121,G,T,['rs121913343'],ENST00000269305,4,True,p.Arg273Ser,c.817C>A,p.Arg273Ser,missense_variant,Arg,273,Ser,NA,NA,NA,0.0,250850.0,0.0,NA,NA,NA
17-7577121-G-A,GRCh37,17,7577121,G,A,['rs121913343'],ENST00000269305,4,True,p.Arg273Cys,c.817C>T,p.Arg273Cys,missense_variant,Arg,273,Cys,0.0,31374.0,0.0,3.0,250850.0,1.195933824995017e-05,3.0,282224.0,1.0629854300130393e-05
17-7577122-C-T,GRCh37,17,7577122,C,T,['rs756421198'],ENST00000269305,4,True,p.Val272Val,c.816G>A,p.Val272Val,synonymous_variant,Val,272,Val,NA,NA,NA,1.0,250970.0,3.984539984858748e-06,NA,NA,NA
17-7577124-C-T,GRCh37,17,7577124,C,T,['rs121912657'],ENST00000269305,4,True,p.Val272Met,c.814G>A,p.Val272Met,missense_variant,Val,272,Met,NA,NA,NA,1.0,250892.0,3.9857787414505045e-06,NA,NA,NA
17-7577138-C-T,GRCh37,17,7577138,C,T,['rs587780075'],ENST00000269305,4,True,p.Arg267Gln,c.800G>A,p.Arg267Gln,missense_variant,Arg,267,Gln,NA,NA,NA,3.0,249356.0,1.2030991834966874e-05,NA,NA,NA
17-7577139-G-A,GRCh37,17,7577139,G,A,['rs55832599'],ENST00000269305,4,True,p.Arg267Trp,c.799C>T,p.Arg267Trp,missense_variant,Arg,267,Trp,NA,NA,NA,0.0,248996.0,0.0,NA,NA,NA
17-7577141-C-A,GRCh37,17,7577141,C,A,['rs193920774'],ENST00000269305,4,True,p.Gly266Val,c.797G>T,p.Gly266Val,missense_variant,Gly,266,Val,NA,NA,NA,0.0,248882.0,0.0,NA,NA,NA
17-7577142-C-A,GRCh37,17,7577142,C,A,['rs1057519990'],ENST00000269305,4,True,p.Gly266Ter,c.796G>T,p.Gly266Ter,stop_gained,Gly,266,Ter,NA,NA,NA,1.0,248620.0,4.022202558120827e-06,NA,NA,NA
17-7577143-CAGT-C,GRCh37,17,7577143,CAGT,C,['rs1285844180'],ENST00000269305,4,True,p.Leu265del,c.792_794delACT,p.Leu265del,inframe_deletion,Leu,265,del,NA,NA,NA,0.0,248096.0,0.0,NA,NA,NA
17-7577143-C-T,GRCh37,17,7577143,C,T,['rs1285844180'],ENST00000269305,4,True,p.Leu265Leu,c.795G>A,p.Leu265Leu,synonymous_variant,Leu,265,Leu,NA,NA,NA,0.0,248096.0,0.0,NA,NA,NA
17-7577149-A-G,GRCh37,17,7577149,A,G,['rs770598448'],ENST00000269305,4,True,p.Asn263Asn,c.789T>C,p.Asn263Asn,synonymous_variant,Asn,263,Asn,NA,NA,NA,1.0,247028.0,4.048124099292388e-06,NA,NA,NA
17-7577154-C-T,GRCh37,17,7577154,C,T,['rs200579969'],ENST00000269305,4,True,p.Gly262Ser,c.784G>A,p.Gly262Ser,missense_variant,Gly,262,Ser,1.0,31384.0,3.186336986999745e-05,2.0,244722.0,8.1725386356764e-06,3.0,276106.0,1.0865392276879169e-05
17-7577499-C-CAGGG,GRCh37,17,7577499,C,CAGGG,['rs786203396'],ENST00000269305,4,True,p.Ser261ThrfsTer4,c.781_782insCCCT,p.Ser261ThrfsTer4,frameshift_variant,Ser,261,ThrfsTer4,NA,NA,NA,0.0,251420.0,0.0,NA,NA,NA
17-7577500-TG-T,GRCh37,17,7577500,TG,T,['rs1427471466'],ENST00000269305,4,True,p.Ser261ValfsTer84,c.780delC,p.Ser261ValfsTer84,frameshift_variant,Ser,261,ValfsTer84,NA,NA,NA,0.0,251398.0,0.0,NA,NA,NA
17-7577502-G-T,GRCh37,17,7577502,G,T,['rs876658916'],ENST00000269305,4,True,p.Ser260Tyr,c.779C>A,p.Ser260Tyr,missense_variant,Ser,260,Tyr,NA,NA,NA,1.0,251436.0,3.977155220413942e-06,NA,NA,NA
17-7577502-G-GCA,GRCh37,17,7577502,G,GCA,['rs876658916'],ENST00000269305,4,True,p.Ser260LeufsTer86,c.778_779insTG,p.Ser260LeufsTer86,frameshift_variant,Ser,260,LeufsTer86,NA,NA,NA,0.0,251436.0,0.0,NA,NA,NA
17-7577505-T-C,GRCh37,17,7577505,T,C,['rs745425759'],ENST00000269305,4,True,p.Asp259Gly,c.776A>G,p.Asp259Gly,missense_variant,Asp,259,Gly,NA,NA,NA,1.0,251416.0,3.97747160085277e-06,NA,NA,NA
17-7577520-A-C,GRCh37,17,7577520,A,C,['rs1330865474'],ENST00000269305,4,True,p.Ile254Ser,c.761T>G,p.Ile254Ser,missense_variant,Ile,254,Ser,NA,NA,NA,0.0,251468.0,0.0,NA,NA,NA
17-7577521-T-C,GRCh37,17,7577521,T,C,['rs746601313'],ENST00000269305,4,True,p.Ile254Val,c.760A>G,p.Ile254Val,missense_variant,Ile,254,Val,NA,NA,NA,4.0,251476.0,1.5906090442030255e-05,NA,NA,NA
17-7577522-G-A,GRCh37,17,7577522,G,A,['rs1435537034'],ENST00000269305,4,True,p.Thr253Thr,c.759C>T,p.Thr253Thr,synonymous_variant,Thr,253,Thr,NA,NA,NA,1.0,251474.0,3.976554236223228e-06,NA,NA,NA
17-7577529-A-C,GRCh37,17,7577529,A,C,['rs730882027'],ENST00000269305,4,True,p.Ile251Ser,c.752T>G,p.Ile251Ser,missense_variant,Ile,251,Ser,NA,NA,NA,0.0,251480.0,0.0,NA,NA,NA
17-7577538-C-T,GRCh37,17,7577538,C,T,['rs11540652'],ENST00000269305,4,True,p.Arg248Gln,c.743G>A,p.Arg248Gln,missense_variant,Arg,248,Gln,NA,NA,NA,3.0,251474.0,1.1929662708669683e-05,NA,NA,NA
17-7577539-G-A,GRCh37,17,7577539,G,A,['rs121912651'],ENST00000269305,4,True,p.Arg248Trp,c.742C>T,p.Arg248Trp,missense_variant,Arg,248,Trp,NA,NA,NA,1.0,251476.0,3.976522610507564e-06,NA,NA,NA
17-7577547-C-T,GRCh37,17,7577547,C,T,['rs121912656'],ENST00000269305,4,True,p.Gly245Asp,c.734G>A,p.Gly245Asp,missense_variant,Gly,245,Asp,NA,NA,NA,1.0,251464.0,3.9767123723475325e-06,NA,NA,NA
17-7577547-C-A,GRCh37,17,7577547,C,A,['rs121912656'],ENST00000269305,4,True,p.Gly245Val,c.734G>T,p.Gly245Val,missense_variant,Gly,245,Val,NA,NA,NA,1.0,251464.0,3.9767123723475325e-06,NA,NA,NA
17-7577548-C-G,GRCh37,17,7577548,C,G,['rs28934575'],ENST00000269305,4,True,p.Gly245Arg,c.733G>C,p.Gly245Arg,missense_variant,Gly,245,Arg,NA,NA,NA,0.0,251472.0,0.0,NA,NA,NA
17-7577548-C-T,GRCh37,17,7577548,C,T,['rs28934575'],ENST00000269305,4,True,p.Gly245Ser,c.733G>A,p.Gly245Ser,missense_variant,Gly,245,Ser,1.0,31320.0,3.192848020434228e-05,0.0,251472.0,0.0,1.0,282792.0,3.536167925542448e-06
17-7577549-G-A,GRCh37,17,7577549,G,A,['rs759625762'],ENST00000269305,4,True,p.Gly244Gly,c.732C>T,p.Gly244Gly,synonymous_variant,Gly,244,Gly,1.0,31352.0,3.189589180913498e-05,3.0,251486.0,1.192909346842369e-05,4.0,282838.0,1.414237125138772e-05
17-7577556-C-T,GRCh37,17,7577556,C,T,['rs121912655'],ENST00000269305,4,True,p.Cys242Tyr,c.725G>A,p.Cys242Tyr,missense_variant,Cys,242,Tyr,NA,NA,NA,0.0,251482.0,0.0,NA,NA,NA
17-7577559-G-C,GRCh37,17,7577559,G,C,['rs28934573'],ENST00000269305,4,True,p.Ser241Cys,c.722C>G,p.Ser241Cys,missense_variant,Ser,241,Cys,NA,NA,NA,0.0,251476.0,0.0,NA,NA,NA
17-7577559-G-A,GRCh37,17,7577559,G,A,['rs28934573'],ENST00000269305,4,True,p.Ser241Phe,c.722C>T,p.Ser241Phe,missense_variant,Ser,241,Phe,NA,NA,NA,1.0,251476.0,3.976522610507564e-06,NA,NA,NA
17-7577560-A-G,GRCh37,17,7577560,A,G,['rs1057520002'],ENST00000269305,4,True,p.Ser241Pro,c.721T>C,p.Ser241Pro,missense_variant,Ser,241,Pro,NA,NA,NA,1.0,251480.0,3.976459360585334e-06,NA,NA,NA
17-7577561-A-G,GRCh37,17,7577561,A,G,['rs764342812'],ENST00000269305,4,True,p.Ser240Ser,c.720T>C,p.Ser240Ser,synonymous_variant,Ser,240,Ser,NA,NA,NA,1.0,251482.0,3.976427736378747e-06,NA,NA,NA
17-7577568-C-T,GRCh37,17,7577568,C,T,['rs730882005'],ENST00000269305,4,True,p.Cys238Tyr,c.713G>A,p.Cys238Tyr,missense_variant,Cys,238,Tyr,NA,NA,NA,2.0,251474.0,7.953108472446455e-06,NA,NA,NA
17-7577570-C-T,GRCh37,17,7577570,C,T,['rs587782664'],ENST00000269305,4,True,p.Met237Ile,c.711G>A,p.Met237Ile,missense_variant,Met,237,Ile,NA,NA,NA,1.0,251484.0,3.97639611267516e-06,NA,NA,NA
17-7577571-A-T,GRCh37,17,7577571,A,T,['rs765848205'],ENST00000269305,4,True,p.Met237Lys,c.710T>A,p.Met237Lys,missense_variant,Met,237,Lys,NA,NA,NA,0.0,251482.0,0.0,NA,NA,NA
17-7577576-G-A,GRCh37,17,7577576,G,A,['rs750893877'],ENST00000269305,4,True,p.Asn235Asn,c.705C>T,p.Asn235Asn,synonymous_variant,Asn,235,Asn,NA,NA,NA,2.0,251482.0,7.952855472757494e-06,NA,NA,NA
17-7577577-T-A,GRCh37,17,7577577,T,A,['rs144340710'],ENST00000269305,4,True,p.Asn235Ile,c.704A>T,p.Asn235Ile,missense_variant,Asn,235,Ile,NA,NA,NA,1.0,251484.0,3.97639611267516e-06,NA,NA,NA
17-7577580-T-C,GRCh37,17,7577580,T,C,['rs587780073'],ENST00000269305,4,True,p.Tyr234Cys,c.701A>G,p.Tyr234Cys,missense_variant,Tyr,234,Cys,NA,NA,NA,1.0,251480.0,3.976459360585334e-06,NA,NA,NA
17-7577596-A-G,GRCh37,17,7577596,A,G,['rs1064794312'],ENST00000269305,4,True,p.Cys229Arg,c.685T>C,p.Cys229Arg,missense_variant,Cys,229,Arg,NA,NA,NA,2.0,251478.0,7.952981970589873e-06,NA,NA,NA
17-7577608-C-G,GRCh37,17,7577608,C,G,['rs746504075'],ENST00000269305,4,True,p.Val225Leu,c.673G>C,p.Val225Leu,missense_variant,Val,225,Leu,NA,NA,NA,1.0,251440.0,3.977091950365892e-06,NA,NA,NA
17-7578177-C-A,GRCh37,17,7578177,C,A,['rs267605076'],ENST00000269305,4,True,p.Glu224Asp,c.672G>T,p.Glu224Asp,missense_variant,Glu,224,Asp,NA,NA,NA,1.0,251208.0,3.980764943791599e-06,NA,NA,NA
17-7578181-G-T,GRCh37,17,7578181,G,T,['rs138983188'],ENST00000269305,4,True,p.Pro223His,c.668C>A,p.Pro223His,missense_variant,Pro,223,His,NA,NA,NA,1.0,251304.0,3.979244261929774e-06,NA,NA,NA
17-7578183-C-A,GRCh37,17,7578183,C,A,['rs72661118'],ENST00000269305,4,True,p.Pro222Pro,c.666G>T,p.Pro222Pro,synonymous_variant,Pro,222,Pro,1.0,31396.0,3.185119123455217e-05,11.0,251280.0,4.377586755810251e-05,12.0,282676.0,4.245142849056871e-05
17-7578183-C-T,GRCh37,17,7578183,C,T,['rs72661118'],ENST00000269305,4,True,p.Pro222Pro,c.666G>A,p.Pro222Pro,synonymous_variant,Pro,222,Pro,1.0,31396.0,3.185119123455217e-05,12.0,251280.0,4.775549188156638e-05,13.0,282676.0,4.5989047531449435e-05
17-7578184-G-A,GRCh37,17,7578184,G,A,['rs146340390'],ENST00000269305,4,True,p.Pro222Leu,c.665C>T,p.Pro222Leu,missense_variant,Pro,222,Leu,2.0,31386.0,6.372267890142101e-05,4.0,251328.0,1.591545709192768e-05,6.0,282714.0,2.1222861266155902e-05
17-7578188-C-A,GRCh37,17,7578188,C,A,['rs786201592'],ENST00000269305,4,True,p.Glu221Ter,c.661G>T,p.Glu221Ter,stop_gained,Glu,221,Ter,NA,NA,NA,1.0,251382.0,3.97800956313499e-06,NA,NA,NA
17-7578188-C-T,GRCh37,17,7578188,C,T,['rs786201592'],ENST00000269305,4,True,p.Glu221Lys,c.661G>A,p.Glu221Lys,missense_variant,Glu,221,Lys,NA,NA,NA,1.0,251382.0,3.97800956313499e-06,NA,NA,NA
17-7578190-T-C,GRCh37,17,7578190,T,C,['rs121912666'],ENST00000269305,4,True,p.Tyr220Cys,c.659A>G,p.Tyr220Cys,missense_variant,Tyr,220,Cys,NA,NA,NA,2.0,251408.0,7.955196334245529e-06,NA,NA,NA
17-7578191-A-G,GRCh37,17,7578191,A,G,['rs530941076'],ENST00000269305,4,True,p.Tyr220His,c.658T>C,p.Tyr220His,missense_variant,Tyr,220,His,NA,NA,NA,1.0,251400.0,3.9777247414478914e-06,NA,NA,NA
17-7578193-G-A,GRCh37,17,7578193,G,A,['rs1420675064'],ENST00000269305,4,True,p.Pro219Leu,c.656C>T,p.Pro219Leu,missense_variant,Pro,219,Leu,NA,NA,NA,1.0,251398.0,3.977756386287878e-06,NA,NA,NA
17-7578194-G-A,GRCh37,17,7578194,G,A,['rs879253894'],ENST00000269305,4,True,p.Pro219Ser,c.655C>T,p.Pro219Ser,missense_variant,Pro,219,Ser,NA,NA,NA,1.0,251410.0,3.977566524800128e-06,NA,NA,NA
17-7578195-C-T,GRCh37,17,7578195,C,T,['rs753630563'],ENST00000269305,4,True,p.Val218Val,c.654G>A,p.Val218Val,synonymous_variant,Val,218,Val,NA,NA,NA,1.0,251402.0,3.977693097111399e-06,NA,NA,NA
17-7578200-C-T,GRCh37,17,7578200,C,T,['rs35163653'],ENST00000269305,4,True,p.Val217Met,c.649G>A,p.Val217Met,missense_variant,Val,217,Met,NA,NA,NA,1.0,251446.0,3.9769970490681895e-06,NA,NA,NA
17-7578207-A-G,GRCh37,17,7578207,A,G,['rs587781386'],ENST00000269305,4,True,p.His214His,c.642T>C,p.His214His,synonymous_variant,His,214,His,NA,NA,NA,1.0,251466.0,3.976680744116501e-06,NA,NA,NA
17-7578207-A-C,GRCh37,17,7578207,A,C,['rs587781386'],ENST00000269305,4,True,p.His214Gln,c.642T>G,p.His214Gln,missense_variant,His,214,Gln,NA,NA,NA,8.0,251466.0,3.181344595293201e-05,NA,NA,NA
17-7578208-T-G,GRCh37,17,7578208,T,G,['rs1057519992'],ENST00000269305,4,True,p.His214Pro,c.641A>C,p.His214Pro,missense_variant,His,214,Pro,NA,NA,NA,0.0,251464.0,0.0,NA,NA,NA
17-7578211-C-T,GRCh37,17,7578211,C,T,['rs587778720'],ENST00000269305,4,True,p.Arg213Gln,c.638G>A,p.Arg213Gln,missense_variant,Arg,213,Gln,NA,NA,NA,1.0,251462.0,3.9767440010816745e-06,NA,NA,NA
17-7578212-G-A,GRCh37,17,7578212,G,A,['rs397516436'],ENST00000269305,4,True,p.Arg213Ter,c.637C>T,p.Arg213Ter,stop_gained,Arg,213,Ter,NA,NA,NA,0.0,251460.0,0.0,NA,NA,NA
17-7578231-C-T,GRCh37,17,7578231,C,T,['rs142813240'],ENST00000269305,4,True,p.Leu206Leu,c.618G>A,p.Leu206Leu,synonymous_variant,Leu,206,Leu,1.0,31376.0,3.187149413564508e-05,8.0,251482.0,3.1811421891029976e-05,9.0,282858.0,3.181808539974121e-05
17-7578234-A-G,GRCh37,17,7578234,A,G,['rs786202222'],ENST00000269305,4,True,p.Tyr205Tyr,c.615T>C,p.Tyr205Tyr,synonymous_variant,Tyr,205,Tyr,NA,NA,NA,1.0,251488.0,3.9763328667769435e-06,NA,NA,NA
17-7578236-A-G,GRCh37,17,7578236,A,G,['rs1057520008'],ENST00000269305,4,True,p.Tyr205His,c.613T>C,p.Tyr205His,missense_variant,Tyr,205,His,NA,NA,NA,0.0,251484.0,0.0,NA,NA,NA
17-7578237-C-T,GRCh37,17,7578237,C,T,['rs749629973'],ENST00000269305,4,True,p.Glu204Glu,c.612G>A,p.Glu204Glu,synonymous_variant,Glu,204,Glu,2.0,31398.0,6.369832473405949e-05,3.0,251486.0,1.192909346842369e-05,5.0,282884.0,1.7675089435952546e-05
17-7578245-G-A,GRCh37,17,7578245,G,A,['rs587780072'],ENST00000269305,4,True,p.Arg202Cys,c.604C>T,p.Arg202Cys,missense_variant,Arg,202,Cys,1.0,31382.0,3.186540054808489e-05,7.0,251480.0,2.7835215524097345e-05,8.0,282862.0,2.8282342626439747e-05
17-7578260-C-T,GRCh37,17,7578260,C,T,['rs786204041'],ENST00000269305,4,True,p.Val197Met,c.589G>A,p.Val197Met,missense_variant,Val,197,Met,NA,NA,NA,0.0,251486.0,0.0,NA,NA,NA
17-7578262-C-T,GRCh37,17,7578262,C,T,['rs483352697'],ENST00000269305,4,True,p.Arg196Gln,c.587G>A,p.Arg196Gln,missense_variant,Arg,196,Gln,NA,NA,NA,1.0,251484.0,3.97639611267516e-06,NA,NA,NA
17-7578263-G-A,GRCh37,17,7578263,G,A,['rs397516435'],ENST00000269305,4,True,p.Arg196Ter,c.586C>T,p.Arg196Ter,stop_gained,Arg,196,Ter,NA,NA,NA,1.0,251474.0,3.976554236223228e-06,NA,NA,NA
17-7578265-A-G,GRCh37,17,7578265,A,G,['rs760043106'],ENST00000269305,4,True,p.Ile195Thr,c.584T>C,p.Ile195Thr,missense_variant,Ile,195,Thr,NA,NA,NA,0.0,251484.0,0.0,NA,NA,NA
17-7578267-A-G,GRCh37,17,7578267,A,G,['rs370216745'],ENST00000269305,4,True,p.Leu194Leu,c.582T>C,p.Leu194Leu,synonymous_variant,Leu,194,Leu,NA,NA,NA,2.0,251486.0,7.952728978949126e-06,NA,NA,NA
17-7578268-A-C,GRCh37,17,7578268,A,C,['rs1057519998'],ENST00000269305,4,True,p.Leu194Arg,c.581T>G,p.Leu194Arg,missense_variant,Leu,194,Arg,NA,NA,NA,1.0,251486.0,3.976364489474563e-06,NA,NA,NA
17-7578277-G-A,GRCh37,17,7578277,G,A,['rs587778718'],ENST00000269305,4,True,p.Pro191Leu,c.572C>T,p.Pro191Leu,missense_variant,Pro,191,Leu,NA,NA,NA,1.0,251476.0,3.976522610507564e-06,NA,NA,NA
17-7578277-G-T,GRCh37,17,7578277,G,T,['rs587778718'],ENST00000269305,4,True,p.Pro191His,c.572C>A,p.Pro191His,missense_variant,Pro,191,His,NA,NA,NA,1.0,251476.0,3.976522610507564e-06,NA,NA,NA
17-7578277-G-C,GRCh37,17,7578277,G,C,['rs587778718'],ENST00000269305,4,True,p.Pro191Arg,c.572C>G,p.Pro191Arg,missense_variant,Pro,191,Arg,NA,NA,NA,3.0,251476.0,1.192956783152269e-05,NA,NA,NA
17-7578282-G-A,GRCh37,17,7578282,G,A,['rs55764374'],ENST00000269305,4,True,p.Ala189Ala,c.567C>T,p.Ala189Ala,synonymous_variant,Ala,189,Ala,NA,NA,NA,1.0,251472.0,3.976585862441942e-06,NA,NA,NA
17-7578283-G-A,GRCh37,17,7578283,G,A,['rs121912665'],ENST00000269305,4,True,p.Ala189Val,c.566C>T,p.Ala189Val,missense_variant,Ala,189,Val,NA,NA,NA,6.0,251448.0,2.3861792497852438e-05,NA,NA,NA
17-7578372-A-T,GRCh37,17,7578372,A,T,['rs375275361'],ENST00000269305,4,True,p.Asp186Glu,c.558T>A,p.Asp186Glu,missense_variant,Asp,186,Glu,NA,NA,NA,1.0,251352.0,3.97848435659951e-06,NA,NA,NA
17-7578372-A-G,GRCh37,17,7578372,A,G,['rs375275361'],ENST00000269305,4,True,p.Asp186Asp,c.558T>C,p.Asp186Asp,splice_region_variant,Asp,186,Asp,NA,NA,NA,3.0,251352.0,1.193545306979853e-05,NA,NA,NA
17-7578374-C-T,GRCh37,17,7578374,C,T,['rs1060501206'],ENST00000269305,4,True,p.Asp186Asn,c.556G>A,p.Asp186Asn,missense_variant,Asp,186,Asn,NA,NA,NA,2.0,251328.0,7.95772854596384e-06,NA,NA,NA
17-7578375-G-A,GRCh37,17,7578375,G,A,['rs367560109'],ENST00000269305,4,True,p.Ser185Ser,c.555C>T,p.Ser185Ser,synonymous_variant,Ser,185,Ser,1.0,31398.0,3.1849162367029746e-05,2.0,251308.0,7.958361850796631e-06,3.0,282706.0,1.061173091480195e-05
17-7578376-C-T,GRCh37,17,7578376,C,T,['rs150607408'],ENST00000269305,4,True,p.Ser185Asn,c.554G>A,p.Ser185Asn,missense_variant,Ser,185,Asn,NA,NA,NA,1.0,251340.0,3.978674305721333e-06,NA,NA,NA
17-7578388-C-T,GRCh37,17,7578388,C,T,['rs397514495'],ENST00000269305,4,True,p.Arg181His,c.542G>A,p.Arg181His,missense_variant,Arg,181,His,1.0,31404.0,3.184307731499172e-05,3.0,251324.0,1.1936782798300202e-05,4.0,282728.0,1.4147873574601737e-05
17-7578393-A-T,GRCh37,17,7578393,A,T,['rs876660821'],ENST00000269305,4,True,p.His179Gln,c.537T>A,p.His179Gln,missense_variant,His,179,Gln,NA,NA,NA,0.0,251346.0,0.0,NA,NA,NA
17-7578394-T-C,GRCh37,17,7578394,T,C,['rs1057519991'],ENST00000269305,4,True,p.His179Arg,c.536A>G,p.His179Arg,missense_variant,His,179,Arg,NA,NA,NA,1.0,251340.0,3.978674305721333e-06,NA,NA,NA
17-7578395-G-T,GRCh37,17,7578395,G,T,['rs587780070'],ENST00000269305,4,True,p.His179Asn,c.535C>A,p.His179Asn,missense_variant,His,179,Asn,NA,NA,NA,1.0,251304.0,3.979244261929774e-06,NA,NA,NA
17-7578400-G-C,GRCh37,17,7578400,G,C,['rs751477326'],ENST00000269305,4,True,p.Pro177Arg,c.530C>G,p.Pro177Arg,missense_variant,Pro,177,Arg,NA,NA,NA,0.0,251300.0,0.0,NA,NA,NA
17-7578400-G-A,GRCh37,17,7578400,G,A,['rs751477326'],ENST00000269305,4,True,p.Pro177Leu,c.530C>T,p.Pro177Leu,missense_variant,Pro,177,Leu,NA,NA,NA,1.0,251300.0,3.979307600477517e-06,NA,NA,NA
17-7578402-G-C,GRCh37,17,7578402,G,C,['rs1057519980'],ENST00000269305,4,True,p.Cys176Trp,c.528C>G,p.Cys176Trp,missense_variant,Cys,176,Trp,NA,NA,NA,0.0,251280.0,0.0,NA,NA,NA
17-7578403-C-A,GRCh37,17,7578403,C,A,['rs786202962'],ENST00000269305,4,True,p.Cys176Phe,c.527G>T,p.Cys176Phe,missense_variant,Cys,176,Phe,NA,NA,NA,1.0,251284.0,3.979560974833256e-06,NA,NA,NA
17-7578406-C-T,GRCh37,17,7578406,C,T,['rs28934578'],ENST00000269305,4,True,p.Arg175His,c.524G>A,p.Arg175His,missense_variant,Arg,175,His,NA,NA,NA,1.0,251276.0,3.979687674111336e-06,NA,NA,NA
17-7578407-G-A,GRCh37,17,7578407,G,A,['rs138729528'],ENST00000269305,4,True,p.Arg175Cys,c.523C>T,p.Arg175Cys,missense_variant,Arg,175,Cys,1.0,31386.0,3.1861339450710506e-05,4.0,251284.0,1.5918243899333024e-05,5.0,282670.0,1.7688470654827185e-05
17-7578411-C-T,GRCh37,17,7578411,C,T,['rs1292303980'],ENST00000269305,4,True,p.Val173Val,c.519G>A,p.Val173Val,synonymous_variant,Val,173,Val,NA,NA,NA,1.0,251330.0,3.978832610512076e-06,NA,NA,NA
17-7578414-A-G,GRCh37,17,7578414,A,G,['rs749309577'],ENST00000269305,4,True,p.Val172Val,c.516T>C,p.Val172Val,synonymous_variant,Val,172,Val,NA,NA,NA,1.0,251338.0,3.978705965671725e-06,NA,NA,NA
17-7578414-A-C,GRCh37,17,7578414,A,C,['rs749309577'],ENST00000269305,4,True,p.Val172Val,c.516T>G,p.Val172Val,synonymous_variant,Val,172,Val,NA,NA,NA,3.0,251338.0,1.1936117897015175e-05,NA,NA,NA
17-7578421-G-A,GRCh37,17,7578421,G,A,['rs779000871'],ENST00000269305,4,True,p.Thr170Met,c.509C>T,p.Thr170Met,missense_variant,Thr,170,Met,1.0,31384.0,3.186336986999745e-05,12.0,251322.0,4.774751116098073e-05,13.0,282706.0,4.5984167297475114e-05
17-7578426-G-A,GRCh37,17,7578426,G,A,['rs746293837'],ENST00000269305,4,True,p.His168His,c.504C>T,p.His168His,synonymous_variant,His,168,His,NA,NA,NA,9.0,251348.0,3.5806929038623744e-05,NA,NA,NA
17-7578431-G-A,GRCh37,17,7578431,G,A,[],ENST00000269305,4,True,p.Gln167Ter,c.499C>T,p.Gln167Ter,stop_gained,Gln,167,Ter,NA,NA,NA,0.0,251344.0,0.0,NA,NA,NA
17-7578450-C-T,GRCh37,17,7578450,C,T,['rs772354334'],ENST00000269305,4,True,p.Met160Ile,c.480G>A,p.Met160Ile,missense_variant,Met,160,Ile,NA,NA,NA,3.0,251310.0,1.193744777366599e-05,NA,NA,NA
17-7578452-T-C,GRCh37,17,7578452,T,C,['rs377274728'],ENST00000269305,4,True,p.Met160Val,c.478A>G,p.Met160Val,missense_variant,Met,160,Val,NA,NA,NA,1.0,251296.0,3.97937094104164e-06,NA,NA,NA
17-7578453-G-GGC,GRCh37,17,7578453,G,GGC,['rs1057521842'],ENST00000269305,4,True,p.Met160ProfsTer11,c.475_476dupGC,p.Met160ProfsTer11,frameshift_variant,Met,160,ProfsTer11,NA,NA,NA,1.0,251280.0,3.979624323463865e-06,NA,NA,NA
17-7578455-C-T,GRCh37,17,7578455,C,T,['rs730882000'],ENST00000269305,4,True,p.Ala159Thr,c.475G>A,p.Ala159Thr,missense_variant,Ala,159,Thr,NA,NA,NA,0.0,251236.0,0.0,NA,NA,NA
17-7578456-G-A,GRCh37,17,7578456,G,A,['rs139200646'],ENST00000269305,4,True,p.Arg158Arg,c.474C>T,p.Arg158Arg,synonymous_variant,Arg,158,Arg,5.0,31378.0,0.000159347313404296,10.0,251266.0,3.979846059554416e-05,15.0,282644.0,5.307029337258177e-05
17-7578457-C-T,GRCh37,17,7578457,C,T,['rs587782144'],ENST00000269305,4,True,p.Arg158His,c.473G>A,p.Arg158His,missense_variant,Arg,158,His,NA,NA,NA,1.0,251268.0,3.979814381457249e-06,NA,NA,NA
17-7578457-C-A,GRCh37,17,7578457,C,A,['rs587782144'],ENST00000269305,4,True,p.Arg158Leu,c.473G>T,p.Arg158Leu,missense_variant,Arg,158,Leu,NA,NA,NA,1.0,251268.0,3.979814381457249e-06,NA,NA,NA
17-7578458-G-A,GRCh37,17,7578458,G,A,['rs587780068'],ENST00000269305,4,True,p.Arg158Cys,c.472C>T,p.Arg158Cys,missense_variant,Arg,158,Cys,NA,NA,NA,2.0,251276.0,7.959375348222672e-06,NA,NA,NA
17-7578461-C-T,GRCh37,17,7578461,C,T,['rs121912654'],ENST00000269305,4,True,p.Val157Ile,c.469G>A,p.Val157Ile,missense_variant,Val,157,Ile,NA,NA,NA,10.0,251306.0,3.9792125934120155e-05,NA,NA,NA
17-7578462-G-A,GRCh37,17,7578462,G,A,['rs761222871'],ENST00000269305,4,True,p.Arg156Arg,c.468C>T,p.Arg156Arg,synonymous_variant,Arg,156,Arg,NA,NA,NA,4.0,251298.0,1.59173570820301e-05,NA,NA,NA
17-7578463-C-T,GRCh37,17,7578463,C,T,['rs371524413'],ENST00000269305,4,True,p.Arg156His,c.467G>A,p.Arg156His,missense_variant,Arg,156,His,NA,NA,NA,4.0,251268.0,1.5919257525828995e-05,NA,NA,NA
17-7578464-G-A,GRCh37,17,7578464,G,A,['rs563378859'],ENST00000269305,4,True,p.Arg156Cys,c.466C>T,p.Arg156Cys,missense_variant,Arg,156,Cys,NA,NA,NA,1.0,251282.0,3.979592648896459e-06,NA,NA,NA
17-7578465-G-T,GRCh37,17,7578465,G,T,['rs786202992'],ENST00000269305,4,True,p.Thr155Thr,c.465C>A,p.Thr155Thr,synonymous_variant,Thr,155,Thr,NA,NA,NA,1.0,251286.0,3.979529301274246e-06,NA,NA,NA
17-7578467-T-C,GRCh37,17,7578467,T,C,['rs772683278'],ENST00000269305,4,True,p.Thr155Ala,c.463A>G,p.Thr155Ala,missense_variant,Thr,155,Ala,NA,NA,NA,2.0,251290.0,7.958931911337499e-06,NA,NA,NA
17-7578468-G-A,GRCh37,17,7578468,G,A,['rs137852793'],ENST00000269305,4,True,p.Gly154Gly,c.462C>T,p.Gly154Gly,synonymous_variant,Gly,154,Gly,NA,NA,NA,1.0,251270.0,3.979782703864369e-06,NA,NA,NA
17-7578469-C-T,GRCh37,17,7578469,C,T,['rs762846821'],ENST00000269305,4,True,p.Gly154Asp,c.461G>A,p.Gly154Asp,missense_variant,Gly,154,Asp,NA,NA,NA,2.0,251272.0,7.95950205355153e-06,NA,NA,NA
17-7578470-C-T,GRCh37,17,7578470,C,T,['rs137852789'],ENST00000269305,4,True,p.Gly154Ser,c.460G>A,p.Gly154Ser,missense_variant,Gly,154,Ser,5.0,31380.0,0.00015933715742511153,1.0,251252.0,3.980067820355659e-06,6.0,282632.0,2.1229018653231056e-05
17-7578471-G-A,GRCh37,17,7578471,G,A,['rs72661116'],ENST00000269305,4,True,p.Pro153Pro,c.459C>T,p.Pro153Pro,synonymous_variant,Pro,153,Pro,3.0,31378.0,9.56083880425776e-05,25.0,251244.0,9.950486379774243e-05,28.0,282622.0,9.907225905980426e-05
17-7578474-C-T,GRCh37,17,7578474,C,T,['rs730882019'],ENST00000269305,4,True,p.Pro152Pro,c.456G>A,p.Pro152Pro,synonymous_variant,Pro,152,Pro,NA,NA,NA,1.0,251260.0,3.979941096871766e-06,NA,NA,NA
17-7578474-C-CG,GRCh37,17,7578474,C,CG,['rs730882019'],ENST00000269305,4,True,p.Pro153AlafsTer28,c.455dupC,p.Pro153AlafsTer28,frameshift_variant,Pro,153,AlafsTer28,NA,NA,NA,0.0,251260.0,0.0,NA,NA,NA
17-7578475-G-A,GRCh37,17,7578475,G,A,['rs587782705'],ENST00000269305,4,True,p.Pro152Leu,c.455C>T,p.Pro152Leu,missense_variant,Pro,152,Leu,NA,NA,NA,2.0,251274.0,7.95943870038285e-06,NA,NA,NA
17-7578476-G-A,GRCh37,17,7578476,G,A,['rs767328513'],ENST00000269305,4,True,p.Pro152Ser,c.454C>T,p.Pro152Ser,missense_variant,Pro,152,Ser,NA,NA,NA,1.0,251312.0,3.979117590883046e-06,NA,NA,NA
17-7578480-T-C,GRCh37,17,7578480,T,C,['rs754020850'],ENST00000269305,4,True,p.Thr150Thr,c.450A>G,p.Thr150Thr,synonymous_variant,Thr,150,Thr,1.0,31338.0,3.191014104282341e-05,2.0,251260.0,7.959882193743532e-06,3.0,282598.0,1.061578638206923e-05
17-7578488-C-A,GRCh37,17,7578488,C,A,['rs1131691007'],ENST00000269305,4,True,p.Asp148Tyr,c.442G>T,p.Asp148Tyr,missense_variant,Asp,148,Tyr,NA,NA,NA,1.0,251314.0,3.979085924381451e-06,NA,NA,NA
17-7578493-C-T,GRCh37,17,7578493,C,T,['rs1206165503'],ENST00000269305,4,True,p.Trp146Ter,c.437G>A,p.Trp146Ter,stop_gained,Trp,146,Ter,NA,NA,NA,0.0,251292.0,0.0,NA,NA,NA
17-7578496-A-G,GRCh37,17,7578496,A,G,['rs587782197'],ENST00000269305,4,True,p.Leu145Pro,c.434T>C,p.Leu145Pro,missense_variant,Leu,145,Pro,NA,NA,NA,0.0,251302.0,0.0,NA,NA,NA
17-7578500-G-A,GRCh37,17,7578500,G,A,['rs757274881'],ENST00000269305,4,True,p.Gln144Ter,c.430C>T,p.Gln144Ter,stop_gained,Gln,144,Ter,NA,NA,NA,0.0,251276.0,0.0,NA,NA,NA
17-7578505-G-A,GRCh37,17,7578505,G,A,['rs779196500'],ENST00000269305,4,True,p.Pro142Leu,c.425C>T,p.Pro142Leu,missense_variant,Pro,142,Leu,NA,NA,NA,1.0,251252.0,3.980067820355659e-06,NA,NA,NA
17-7578517-G-A,GRCh37,17,7578517,G,A,['rs750600586'],ENST00000269305,4,True,p.Ala138Val,c.413C>T,p.Ala138Val,missense_variant,Ala,138,Val,NA,NA,NA,0.0,251092.0,0.0,NA,NA,NA
17-7578519-C-G,GRCh37,17,7578519,C,G,['rs876660731'],ENST00000269305,4,True,p.Leu137Leu,c.411G>C,p.Leu137Leu,synonymous_variant,Leu,137,Leu,NA,NA,NA,1.0,251084.0,3.9827308789090506e-06,NA,NA,NA
17-7578522-T-C,GRCh37,17,7578522,T,C,['rs758781593'],ENST00000269305,4,True,p.Gln136Gln,c.408A>G,p.Gln136Gln,synonymous_variant,Gln,136,Gln,1.0,31382.0,3.186540054808489e-05,2.0,251062.0,7.966159753367695e-06,3.0,282444.0,1.0621574542210137e-05
17-7578526-C-T,GRCh37,17,7578526,C,T,['rs587781991'],ENST00000269305,4,True,p.Cys135Tyr,c.404G>A,p.Cys135Tyr,missense_variant,Cys,135,Tyr,NA,NA,NA,0.0,250966.0,0.0,NA,NA,NA
17-7578529-A-C,GRCh37,17,7578529,A,C,['rs780442292'],ENST00000269305,4,True,p.Phe134Cys,c.401T>G,p.Phe134Cys,missense_variant,Phe,134,Cys,NA,NA,NA,1.0,250942.0,3.984984578109683e-06,NA,NA,NA
17-7578536-T-C,GRCh37,17,7578536,T,C,['rs747342068'],ENST00000269305,4,True,p.Lys132Glu,c.394A>G,p.Lys132Glu,missense_variant,Lys,132,Glu,NA,NA,NA,1.0,250718.0,3.988544899049929e-06,NA,NA,NA
17-7578537-G-T,GRCh37,17,7578537,G,T,['rs769270327'],ENST00000269305,4,True,p.Asn131Lys,c.393C>A,p.Asn131Lys,missense_variant,Asn,131,Lys,1.0,31386.0,3.1861339450710506e-05,3.0,250632.0,1.1969740496026046e-05,4.0,282018.0,1.4183491833854576e-05
17-7579315-G-GC,GRCh37,17,7579315,G,GC,['rs1267047192'],ENST00000269305,4,True,p.Cys124TrpfsTer25,c.371dupG,p.Cys124TrpfsTer25,frameshift_variant,Cys,124,TrpfsTer25,NA,NA,NA,0.0,250746.0,0.0,NA,NA,NA
17-7579317-A-T,GRCh37,17,7579317,A,T,['rs730881997'],ENST00000269305,4,True,p.Cys124Ser,c.370T>A,p.Cys124Ser,missense_variant,Cys,124,Ser,1.0,31404.0,3.184307731499172e-05,2.0,250848.0,7.972955734149764e-06,3.0,282252.0,1.0628799795927045e-05
17-7579333-T-A,GRCh37,17,7579333,T,A,['rs751978853'],ENST00000269305,4,True,p.Thr118Thr,c.354A>T,p.Thr118Thr,synonymous_variant,Thr,118,Thr,NA,NA,NA,15.0,251048.0,5.974952997036423e-05,NA,NA,NA
17-7579337-C-G,GRCh37,17,7579337,C,G,['rs755238756'],ENST00000269305,4,True,p.Gly117Ala,c.350G>C,p.Gly117Ala,missense_variant,Gly,117,Ala,NA,NA,NA,1.0,251090.0,3.982635708311761e-06,NA,NA,NA
17-7579337-C-T,GRCh37,17,7579337,C,T,['rs755238756'],ENST00000269305,4,True,p.Gly117Glu,c.350G>A,p.Gly117Glu,missense_variant,Gly,117,Glu,NA,NA,NA,1.0,251090.0,3.982635708311761e-06,NA,NA,NA
17-7579341-A-C,GRCh37,17,7579341,A,C,['rs989692988'],ENST00000269305,4,True,p.Ser116Ala,c.346T>G,p.Ser116Ala,missense_variant,Ser,116,Ala,NA,NA,NA,2.0,251192.0,7.962037007548011e-06,NA,NA,NA
17-7579345-C-G,GRCh37,17,7579345,C,G,['rs764486868'],ENST00000269305,4,True,p.Leu114Phe,c.342G>C,p.Leu114Phe,missense_variant,Leu,114,Phe,NA,NA,NA,1.0,251194.0,3.980986807009721e-06,NA,NA,NA
17-7579345-CAAG-C,GRCh37,17,7579345,CAAG,C,['rs764486868'],ENST00000269305,4,True,p.Phe113del,c.339_341delCTT,p.Phe113del,inframe_deletion,Phe,113,del,NA,NA,NA,1.0,251194.0,3.980986807009721e-06,NA,NA,NA
17-7579346-A-G,GRCh37,17,7579346,A,G,['rs781724995'],ENST00000269305,4,True,p.Leu114Ser,c.341T>C,p.Leu114Ser,missense_variant,Leu,114,Ser,NA,NA,NA,1.0,251238.0,3.980289605871723e-06,NA,NA,NA
17-7579352-C-G,GRCh37,17,7579352,C,G,['rs1390502714'],ENST00000269305,4,True,p.Gly112Ala,c.335G>C,p.Gly112Ala,missense_variant,Gly,112,Ala,NA,NA,NA,1.0,251248.0,3.980131185123862e-06,NA,NA,NA
17-7579353-C-T,GRCh37,17,7579353,C,T,['rs1423803759'],ENST00000269305,4,True,p.Gly112Ser,c.334G>A,p.Gly112Ser,missense_variant,Gly,112,Ser,NA,NA,NA,1.0,251264.0,3.979877738155884e-06,NA,NA,NA
17-7579358-C-A,GRCh37,17,7579358,C,A,['rs11540654'],ENST00000269305,4,True,p.Arg110Leu,c.329G>T,p.Arg110Leu,missense_variant,Arg,110,Leu,NA,NA,NA,0.0,251284.0,0.0,NA,NA,NA
17-7579358-C-T,GRCh37,17,7579358,C,T,['rs11540654'],ENST00000269305,4,True,p.Arg110His,c.329G>A,p.Arg110His,missense_variant,Arg,110,His,1.0,31378.0,3.18694626808592e-05,12.0,251284.0,4.7754731697999076e-05,13.0,282662.0,4.59913253284842e-05
17-7579359-G-A,GRCh37,17,7579359,G,A,['rs587781371'],ENST00000269305,4,True,p.Arg110Cys,c.328C>T,p.Arg110Cys,missense_variant,Arg,110,Cys,NA,NA,NA,5.0,251288.0,1.989748814109707e-05,NA,NA,NA
17-7579365-C-A,GRCh37,17,7579365,C,A,['rs587782461'],ENST00000269305,4,True,p.Gly108Cys,c.322G>T,p.Gly108Cys,missense_variant,Gly,108,Cys,NA,NA,NA,2.0,251326.0,7.957791871911381e-06,NA,NA,NA
17-7579365-C-T,GRCh37,17,7579365,C,T,['rs587782461'],ENST00000269305,4,True,p.Gly108Ser,c.322G>A,p.Gly108Ser,missense_variant,Gly,108,Ser,NA,NA,NA,3.0,251326.0,1.1936687807867074e-05,NA,NA,NA
17-7579366-G-A,GRCh37,17,7579366,G,A,['rs770776262'],ENST00000269305,4,True,p.Tyr107Tyr,c.321C>T,p.Tyr107Tyr,synonymous_variant,Tyr,107,Tyr,NA,NA,NA,5.0,251340.0,1.9893371528606668e-05,NA,NA,NA
17-7579368-A-G,GRCh37,17,7579368,A,G,['rs368771578'],ENST00000269305,4,True,p.Tyr107His,c.319T>C,p.Tyr107His,missense_variant,Tyr,107,His,13.0,31384.0,0.0004142238083099669,21.0,251350.0,8.354883628406604e-05,34.0,282734.0,0.00012025437336860795
17-7579373-C-T,GRCh37,17,7579373,C,T,['rs587781504'],ENST00000269305,4,True,p.Gly105Asp,c.314G>A,p.Gly105Asp,missense_variant,Gly,105,Asp,NA,NA,NA,0.0,251328.0,0.0,NA,NA,NA
17-7579375-C-T,GRCh37,17,7579375,C,T,['rs745692731'],ENST00000269305,4,True,p.Gln104Gln,c.312G>A,p.Gln104Gln,synonymous_variant,Gln,104,Gln,NA,NA,NA,1.0,251320.0,3.978990927900684e-06,NA,NA,NA
17-7579390-G-A,GRCh37,17,7579390,G,A,['rs751494750'],ENST00000269305,4,True,p.Ser99Ser,c.297C>T,p.Ser99Ser,synonymous_variant,Ser,99,Ser,NA,NA,NA,1.0,251276.0,3.979687674111336e-06,NA,NA,NA
17-7579394-G-A,GRCh37,17,7579394,G,A,['rs1245723119'],ENST00000269305,4,True,p.Pro98Leu,c.293C>T,p.Pro98Leu,missense_variant,Pro,98,Leu,NA,NA,NA,1.0,251254.0,3.98003613872814e-06,NA,NA,NA
17-7579398-C-T,GRCh37,17,7579398,C,T,['rs730882023'],ENST00000269305,4,True,p.Val97Ile,c.289G>A,p.Val97Ile,missense_variant,Val,97,Ile,NA,NA,NA,0.0,250984.0,0.0,NA,NA,NA
17-7579405-T-C,GRCh37,17,7579405,T,C,['rs771721337'],ENST00000269305,4,True,p.Ser94Ser,c.282A>G,p.Ser94Ser,synonymous_variant,Ser,94,Ser,NA,NA,NA,2.0,250812.0,7.974100122801141e-06,NA,NA,NA
17-7579412-G-A,GRCh37,17,7579412,G,A,['rs1210700121'],ENST00000269305,4,True,p.Pro92Leu,c.275C>T,p.Pro92Leu,missense_variant,Pro,92,Leu,NA,NA,NA,1.0,250424.0,3.993227486183433e-06,NA,NA,NA
17-7579417-G-A,GRCh37,17,7579417,G,A,['rs863224370'],ENST00000269305,4,True,p.Ser90Ser,c.270C>T,p.Ser90Ser,synonymous_variant,Ser,90,Ser,NA,NA,NA,1.0,250320.0,3.994886545222116e-06,NA,NA,NA
17-7579423-G-T,GRCh37,17,7579423,G,T,['rs876660951'],ENST00000269305,4,True,p.Ala88Ala,c.264C>A,p.Ala88Ala,synonymous_variant,Ala,88,Ala,1.0,31384.0,3.186336986999745e-05,1.0,250382.0,3.993897324887572e-06,2.0,281766.0,7.0980884847710516e-06
17-7579423-GGCTGGTGCAGGGGCCGCCGGTGTAGGAGCT-G,GRCh37,17,7579423,GGCTGGTGCAGGGGCCGCCGGTGTAGGAGCT,G,['rs876660951'],ENST00000269305,4,True,p.Ala79_Ala88del,c.234_263delAGCTCCTACACCGGCGGCCCCTGCACCAGC,p.Ala79_Ala88del,inframe_deletion,multiple,79-88,del,NA,NA,NA,6.0,250382.0,2.3963383949325432e-05,NA,NA,NA
17-7579429-T-C,GRCh37,17,7579429,T,C,['rs1445371843'],ENST00000269305,4,True,p.Ala86Ala,c.258A>G,p.Ala86Ala,synonymous_variant,Ala,86,Ala,NA,NA,NA,1.0,250294.0,3.995301525406123e-06,NA,NA,NA
17-7579429-T-G,GRCh37,17,7579429,T,G,['rs1445371843'],ENST00000269305,4,True,p.Ala86Ala,c.258A>C,p.Ala86Ala,synonymous_variant,Ala,86,Ala,NA,NA,NA,1.0,250294.0,3.995301525406123e-06,NA,NA,NA
17-7579432-A-G,GRCh37,17,7579432,A,G,['rs775515332'],ENST00000269305,4,True,p.Pro85Pro,c.255T>C,p.Pro85Pro,synonymous_variant,Pro,85,Pro,1.0,31364.0,3.188368830506313e-05,9.0,250240.0,3.596547314578005e-05,10.0,281604.0,3.55108592207497e-05
17-7579435-G-A,GRCh37,17,7579435,G,A,['rs549892645'],ENST00000269305,4,True,p.Ala84Ala,c.252C>T,p.Ala84Ala,synonymous_variant,Ala,84,Ala,NA,NA,NA,1.0,250426.0,3.9931955947066195e-06,NA,NA,NA
17-7579435-G-T,GRCh37,17,7579435,G,T,['rs549892645'],ENST00000269305,4,True,p.Ala84Ala,c.252C>A,p.Ala84Ala,synonymous_variant,Ala,84,Ala,NA,NA,NA,0.0,250426.0,0.0,NA,NA,NA
17-7579437-C-T,GRCh37,17,7579437,C,T,['rs587781307'],ENST00000269305,4,True,p.Ala84Thr,c.250G>A,p.Ala84Thr,missense_variant,Ala,84,Thr,NA,NA,NA,3.0,250390.0,1.1981309157713967e-05,NA,NA,NA
17-7579438-C-T,GRCh37,17,7579438,C,T,['rs55754907'],ENST00000269305,4,True,p.Ala83Ala,c.249G>A,p.Ala83Ala,synonymous_variant,Ala,83,Ala,NA,NA,NA,6.0,250388.0,2.3962809719315624e-05,NA,NA,NA
17-7579439-G-T,GRCh37,17,7579439,G,T,['rs201717599'],ENST00000269305,4,True,p.Ala83Glu,c.248C>A,p.Ala83Glu,missense_variant,Ala,83,Glu,NA,NA,NA,1.0,250368.0,3.994120654396728e-06,NA,NA,NA
17-7579441-C-T,GRCh37,17,7579441,C,T,['rs372397095'],ENST00000269305,4,True,p.Pro82Pro,c.246G>A,p.Pro82Pro,synonymous_variant,Pro,82,Pro,2.0,31338.0,6.382028208564682e-05,2.0,250400.0,7.987220447284345e-06,4.0,281738.0,1.4197587829827713e-05
17-7579442-G-A,GRCh37,17,7579442,G,A,['rs534447939'],ENST00000269305,4,True,p.Pro82Leu,c.245C>T,p.Pro82Leu,missense_variant,Pro,82,Leu,NA,NA,NA,5.0,250446.0,1.996438353976506e-05,NA,NA,NA
17-7579453-T-C,GRCh37,17,7579453,T,C,['rs375099397'],ENST00000269305,4,True,p.Ala78Ala,c.234A>G,p.Ala78Ala,synonymous_variant,Ala,78,Ala,NA,NA,NA,4.0,250506.0,1.596768141282045e-05,NA,NA,NA
17-7579454-G-C,GRCh37,17,7579454,G,C,['rs876658527'],ENST00000269305,4,True,p.Ala78Gly,c.233C>G,p.Ala78Gly,missense_variant,Ala,78,Gly,NA,NA,NA,1.0,250492.0,3.9921434616674385e-06,NA,NA,NA
17-7579458-G-T,GRCh37,17,7579458,G,T,['rs753085009'],ENST00000269305,4,True,p.Pro77Thr,c.229C>A,p.Pro77Thr,missense_variant,Pro,77,Thr,NA,NA,NA,1.0,250520.0,3.9916972696790676e-06,NA,NA,NA
17-7579465-G-A,GRCh37,17,7579465,G,A,['rs786201577'],ENST00000269305,4,True,p.Ala74Ala,c.222C>T,p.Ala74Ala,synonymous_variant,Ala,74,Ala,NA,NA,NA,3.0,250534.0,1.1974422633255367e-05,NA,NA,NA
17-7579466-G-A,GRCh37,17,7579466,G,A,['rs587781832'],ENST00000269305,4,True,p.Ala74Val,c.221C>T,p.Ala74Val,missense_variant,Ala,74,Val,1.0,31378.0,3.18694626808592e-05,2.0,250530.0,7.983075879136231e-06,3.0,281908.0,1.0641769655348553e-05
17-7579470-C-T,GRCh37,17,7579470,C,T,['rs587782423'],ENST00000269305,4,True,p.Val73Met,c.217G>A,p.Val73Met,missense_variant,Val,73,Met,3.0,31364.0,9.565106491518939e-05,17.0,250502.0,6.786372963090115e-05,20.0,281866.0,7.095570235501977e-05
17-7579471-G-A,GRCh37,17,7579471,G,A,['rs56275308'],ENST00000269305,4,True,p.Pro72Pro,c.216C>T,p.Pro72Pro,synonymous_variant,Pro,72,Pro,7.0,31378.0,0.00022308623876601442,16.0,250564.0,6.385594099711052e-05,23.0,281942.0,8.157706194891148e-05
17-7579473-G-C,GRCh37,17,7579473,G,C,['rs587782769'],ENST00000269305,4,True,p.Pro72Ala,c.214C>G,p.Pro72Ala,missense_variant,Pro,72,Ala,1.0,31374.0,3.187352584942946e-05,3.0,250672.0,1.1967830471692092e-05,4.0,282046.0,1.418208377356885e-05
17-7579473-G-A,GRCh37,17,7579473,G,A,['rs587782769'],ENST00000269305,4,True,p.Pro72Ser,c.214C>T,p.Pro72Ser,missense_variant,Pro,72,Ser,NA,NA,NA,4.0,250672.0,1.5957107295589456e-05,NA,NA,NA
17-7579473-G-T,GRCh37,17,7579473,G,T,['rs587782769'],ENST00000269305,4,True,p.Pro72Thr,c.214C>A,p.Pro72Thr,missense_variant,Pro,72,Thr,NA,NA,NA,1.0,250672.0,3.989276823897364e-06,NA,NA,NA
17-7579480-A-G,GRCh37,17,7579480,A,G,['rs775185978'],ENST00000269305,4,True,p.Ala69Ala,c.207T>C,p.Ala69Ala,synonymous_variant,Ala,69,Ala,NA,NA,NA,1.0,250816.0,3.986986476141873e-06,NA,NA,NA
17-7579483-C-T,GRCh37,17,7579483,C,T,['rs746814615'],ENST00000269305,4,True,p.Glu68Glu,c.204G>A,p.Glu68Glu,synonymous_variant,Glu,68,Glu,NA,NA,NA,1.0,250824.0,3.9868593117086085e-06,NA,NA,NA
17-7579499-G-A,GRCh37,17,7579499,G,A,['rs372201428'],ENST00000269305,4,True,p.Ala63Val,c.188C>T,p.Ala63Val,missense_variant,Ala,63,Val,NA,NA,NA,3.0,251036.0,1.1950477222390414e-05,NA,NA,NA
17-7579505-T-C,GRCh37,17,7579505,T,C,['rs1460793472'],ENST00000269305,4,True,p.Asp61Gly,c.182A>G,p.Asp61Gly,missense_variant,Asp,61,Gly,NA,NA,NA,1.0,251118.0,3.982191638990435e-06,NA,NA,NA
17-7579507-T-G,GRCh37,17,7579507,T,G,['rs749289195'],ENST00000269305,4,True,p.Pro60Pro,c.180A>C,p.Pro60Pro,synonymous_variant,Pro,60,Pro,2.0,31374.0,6.374705169885892e-05,3.0,251140.0,1.194552839053914e-05,5.0,282514.0,1.769823796342836e-05
17-7579514-G-C,GRCh37,17,7579514,G,C,['rs144386518'],ENST00000269305,4,True,p.Pro58Arg,c.173C>G,p.Pro58Arg,missense_variant,Pro,58,Arg,7.0,31370.0,0.0002231431303793433,20.0,251224.0,7.961022832213483e-05,27.0,282594.0,9.554342979681098e-05
17-7579517-T-C,GRCh37,17,7579517,T,C,['rs1442824382'],ENST00000269305,4,True,p.Asp57Gly,c.170A>G,p.Asp57Gly,missense_variant,Asp,57,Gly,NA,NA,NA,1.0,251242.0,3.980226236059258e-06,NA,NA,NA
17-7579519-T-C,GRCh37,17,7579519,T,C,['rs574255227'],ENST00000269305,4,True,p.Glu56Glu,c.168A>G,p.Glu56Glu,synonymous_variant,Glu,56,Glu,NA,NA,NA,10.0,251270.0,3.979782703864369e-05,NA,NA,NA
17-7579532-T-C,GRCh37,17,7579532,T,C,['rs774656101'],ENST00000269305,4,True,p.Gln52Arg,c.155A>G,p.Gln52Arg,missense_variant,Gln,52,Arg,NA,NA,NA,1.0,251376.0,3.978104512761759e-06,NA,NA,NA
17-7579540-A-G,GRCh37,17,7579540,A,G,['rs786201148'],ENST00000269305,4,True,p.Asp49Asp,c.147T>C,p.Asp49Asp,synonymous_variant,Asp,49,Asp,NA,NA,NA,1.0,251388.0,3.977914618040638e-06,NA,NA,NA
17-7579541-T-C,GRCh37,17,7579541,T,C,['rs759728549'],ENST00000269305,4,True,p.Asp49Gly,c.146A>G,p.Asp49Gly,missense_variant,Asp,49,Gly,NA,NA,NA,2.0,251388.0,7.955829236081276e-06,NA,NA,NA
17-7579542-C-T,GRCh37,17,7579542,C,T,['rs587780728'],ENST00000269305,4,True,p.Asp49Asn,c.145G>A,p.Asp49Asn,missense_variant,Asp,49,Asn,NA,NA,NA,2.0,251366.0,7.95652554442526e-06,NA,NA,NA
17-7579542-C-G,GRCh37,17,7579542,C,G,['rs587780728'],ENST00000269305,4,True,p.Asp49His,c.145G>C,p.Asp49His,missense_variant,Asp,49,His,NA,NA,NA,1.0,251366.0,3.97826277221263e-06,NA,NA,NA
17-7579546-C-T,GRCh37,17,7579546,C,T,['rs201741778'],ENST00000269305,4,True,p.Pro47Pro,c.141G>A,p.Pro47Pro,synonymous_variant,Pro,47,Pro,2.0,31360.0,6.377551020408164e-05,19.0,251356.0,7.558999984086316e-05,21.0,282716.0,7.427948895711598e-05
17-7579546-C-A,GRCh37,17,7579546,C,A,['rs201741778'],ENST00000269305,4,True,p.Pro47Pro,c.141G>T,p.Pro47Pro,synonymous_variant,Pro,47,Pro,NA,NA,NA,1.0,251356.0,3.978421044255956e-06,NA,NA,NA
17-7579558-C-G,GRCh37,17,7579558,C,G,['rs754332870'],ENST00000269305,4,True,p.Leu43Phe,c.129G>C,p.Leu43Phe,missense_variant,Leu,43,Phe,NA,NA,NA,1.0,251370.0,3.978199466921272e-06,NA,NA,NA
17-7579563-C-T,GRCh37,17,7579563,C,T,['rs756847009'],ENST00000269305,4,True,p.Asp42Asn,c.124G>A,p.Asp42Asn,missense_variant,Asp,42,Asn,NA,NA,NA,1.0,251368.0,3.9782311193151075e-06,NA,NA,NA
17-7579564-A-G,GRCh37,17,7579564,A,G,['rs369129220'],ENST00000269305,4,True,p.Asp41Asp,c.123T>C,p.Asp41Asp,synonymous_variant,Asp,41,Asp,NA,NA,NA,1.0,251374.0,3.978136163644609e-06,NA,NA,NA
17-7579580-G-A,GRCh37,17,7579580,G,A,['rs587781866'],ENST00000269305,4,True,p.Pro36Leu,c.107C>T,p.Pro36Leu,missense_variant,Pro,36,Leu,NA,NA,NA,1.0,251268.0,3.979814381457249e-06,NA,NA,NA
17-7579585-G-C,GRCh37,17,7579585,G,C,['rs11575998'],ENST00000269305,4,True,p.Pro34Pro,c.102C>G,p.Pro34Pro,synonymous_variant,Pro,34,Pro,1.0,31380.0,3.1867431485022305e-05,8.0,251176.0,3.1850176768481066e-05,9.0,282556.0,3.185209303642464e-05
17-7579586-G-C,GRCh37,17,7579586,G,C,['rs1322947350'],ENST00000269305,4,True,p.Pro34Arg,c.101C>G,p.Pro34Arg,missense_variant,Pro,34,Arg,NA,NA,NA,0.0,251126.0,0.0,NA,NA,NA
17-7579705-CGTT-C,GRCh37,17,7579705,CGTT,C,['rs201753350'],ENST00000269305,4,True,p.Asn30del,c.88_90delAAC,p.Asn30del,inframe_deletion,Asn,30,del,NA,NA,NA,1.0,249510.0,4.007855396577292e-06,NA,NA,NA
17-7579706-G-A,GRCh37,17,7579706,G,A,['rs370992294'],ENST00000269305,4,True,p.Asn30Asn,c.90C>T,p.Asn30Asn,synonymous_variant,Asn,30,Asn,1.0,31354.0,3.189385724309498e-05,1.0,249472.0,4.00846587993843e-06,2.0,280826.0,7.121847692165255e-06
17-7579715-AG-A,GRCh37,17,7579715,AG,A,['rs397516438'],ENST00000269305,4,True,p.Pro27LeufsTer17,c.80delC,p.Pro27LeufsTer17,frameshift_variant,Pro,27,LeufsTer17,NA,NA,NA,0.0,249604.0,0.0,NA,NA,NA
17-7579717-G-A,GRCh37,17,7579717,G,A,['rs922736614'],ENST00000269305,4,True,p.Pro27Ser,c.79C>T,p.Pro27Ser,missense_variant,Pro,27,Ser,NA,NA,NA,2.0,249602.0,8.012756308042403e-06,NA,NA,NA
17-7579717-G-C,GRCh37,17,7579717,G,C,['rs922736614'],ENST00000269305,4,True,p.Pro27Ala,c.79C>G,p.Pro27Ala,missense_variant,Pro,27,Ala,NA,NA,NA,0.0,249602.0,0.0,NA,NA,NA
17-7579847-T-C,GRCh37,17,7579847,T,C,['rs748527030'],ENST00000269305,4,True,p.Leu22Leu,c.66A>G,p.Leu22Leu,synonymous_variant,Leu,22,Leu,NA,NA,NA,1.0,250396.0,3.993674020351763e-06,NA,NA,NA
17-7579850-G-C,GRCh37,17,7579850,G,C,['rs1800369'],ENST00000269305,4,True,p.Asp21Glu,c.63C>G,p.Asp21Glu,missense_variant,Asp,21,Glu,NA,NA,NA,1.0,250398.0,3.993642121742186e-06,NA,NA,NA
17-7579856-A-G,GRCh37,17,7579856,A,G,['rs763565673'],ENST00000269305,4,True,p.Phe19Phe,c.57T>C,p.Phe19Phe,synonymous_variant,Phe,19,Phe,NA,NA,NA,1.0,250526.0,3.9916016700861385e-06,NA,NA,NA
17-7579868-A-G,GRCh37,17,7579868,A,G,['rs766765429'],ENST00000269305,4,True,p.Ser15Ser,c.45T>C,p.Ser15Ser,synonymous_variant,Ser,15,Ser,1.0,31290.0,3.195909236177693e-05,6.0,250702.0,2.3932796706847173e-05,7.0,281992.0,2.4823399245368664e-05
17-7579871-C-T,GRCh37,17,7579871,C,T,['rs773918872'],ENST00000269305,4,True,p.Leu14Leu,c.42G>A,p.Leu14Leu,synonymous_variant,Leu,14,Leu,NA,NA,NA,2.0,250740.0,7.976389885937625e-06,NA,NA,NA
17-7579871-C-G,GRCh37,17,7579871,C,G,['rs773918872'],ENST00000269305,4,True,p.Leu14Leu,c.42G>C,p.Leu14Leu,synonymous_variant,Leu,14,Leu,NA,NA,NA,1.0,250740.0,3.988194942968812e-06,NA,NA,NA
17-7579876-G-A,GRCh37,17,7579876,G,A,['rs1060501208'],ENST00000269305,4,True,p.Pro13Ser,c.37C>T,p.Pro13Ser,missense_variant,Pro,13,Ser,NA,NA,NA,1.0,250766.0,3.987781437674964e-06,NA,NA,NA
17-7579877-G-A,GRCh37,17,7579877,G,A,['rs767173379'],ENST00000269305,4,True,p.Pro12Pro,c.36C>T,p.Pro12Pro,synonymous_variant,Pro,12,Pro,NA,NA,NA,9.0,250774.0,3.588888800274351e-05,NA,NA,NA
17-7579878-G-C,GRCh37,17,7579878,G,C,['rs1482497533'],ENST00000269305,4,True,p.Pro12Arg,c.35C>G,p.Pro12Arg,missense_variant,Pro,12,Arg,NA,NA,NA,1.0,250756.0,3.987940468024693e-06,NA,NA,NA
17-7579882-C-T,GRCh37,17,7579882,C,T,['rs201382018'],ENST00000269305,4,True,p.Glu11Lys,c.31G>A,p.Glu11Lys,missense_variant,Glu,11,Lys,1.0,31348.0,3.189996172004593e-05,1.0,250748.0,3.9880677014373e-06,2.0,282096.0,7.089785037717656e-06
17-7579882-C-G,GRCh37,17,7579882,C,G,['rs201382018'],ENST00000269305,4,True,p.Glu11Gln,c.31G>C,p.Glu11Gln,missense_variant,Glu,11,Gln,1.0,31348.0,3.189996172004593e-05,13.0,250748.0,5.1844880118684895e-05,14.0,282096.0,4.962849526402359e-05
17-7579883-G-A,GRCh37,17,7579883,G,A,['rs568171603'],ENST00000269305,4,True,p.Val10Val,c.30C>T,p.Val10Val,synonymous_variant,Val,10,Val,NA,NA,NA,7.0,250758.0,2.791536062658021e-05,NA,NA,NA
17-7579884-A-C,GRCh37,17,7579884,A,C,['rs1418778734'],ENST00000269305,4,True,p.Val10Gly,c.29T>G,p.Val10Gly,missense_variant,Val,10,Gly,NA,NA,NA,1.0,250794.0,3.987336220164757e-06,NA,NA,NA
17-7579885-C-T,GRCh37,17,7579885,C,T,['rs535274413'],ENST00000269305,4,True,p.Val10Ile,c.28G>A,p.Val10Ile,missense_variant,Val,10,Ile,NA,NA,NA,8.0,250780.0,3.1900470531940345e-05,NA,NA,NA
17-7579886-G-C,GRCh37,17,7579886,G,C,['rs757282628'],ENST00000269305,4,True,p.Ser9Arg,c.27C>G,p.Ser9Arg,missense_variant,Ser,9,Arg,NA,NA,NA,1.0,250768.0,3.987749633127034e-06,NA,NA,NA
17-7579886-G-A,GRCh37,17,7579886,G,A,['rs757282628'],ENST00000269305,4,True,p.Ser9Ser,c.27C>T,p.Ser9Ser,synonymous_variant,Ser,9,Ser,NA,NA,NA,2.0,250768.0,7.975499266254067e-06,NA,NA,NA
17-7579894-C-G,GRCh37,17,7579894,C,G,['rs587782646'],ENST00000269305,4,True,p.Asp7His,c.19G>C,p.Asp7His,missense_variant,Asp,7,His,NA,NA,NA,1.0,250714.0,3.98860853402682e-06,NA,NA,NA
17-7579895-T-G,GRCh37,17,7579895,T,G,['rs573130482'],ENST00000269305,4,True,p.Ser6Ser,c.18A>C,p.Ser6Ser,synonymous_variant,Ser,6,Ser,NA,NA,NA,3.0,250726.0,1.1965252905562247e-05,NA,NA,NA
17-7579895-T-C,GRCh37,17,7579895,T,C,['rs573130482'],ENST00000269305,4,True,p.Ser6Ser,c.18A>G,p.Ser6Ser,synonymous_variant,Ser,6,Ser,NA,NA,NA,3.0,250726.0,1.1965252905562247e-05,NA,NA,NA
17-7579897-A-G,GRCh37,17,7579897,A,G,['rs1357147493'],ENST00000269305,4,True,p.Ser6Pro,c.16T>C,p.Ser6Pro,missense_variant,Ser,6,Pro,NA,NA,NA,1.0,250714.0,3.98860853402682e-06,NA,NA,NA
17-7579899-T-C,GRCh37,17,7579899,T,C,['rs781595324'],ENST00000269305,4,True,p.Gln5Arg,c.14A>G,p.Gln5Arg,missense_variant,Gln,5,Arg,NA,NA,NA,3.0,250676.0,1.196763950278447e-05,NA,NA,NA
17-7579907-C-T,GRCh37,17,7579907,C,T,['rs143458271'],ENST00000269305,4,True,p.Glu2Glu,c.6G>A,p.Glu2Glu,synonymous_variant,Glu,2,Glu,2.0,31362.0,6.377144314775843e-05,23.0,250540.0,9.180170831005029e-05,25.0,281902.0,8.868330128910047e-05
17-7579909-C-T,GRCh37,17,7579909,C,T,['rs769884991'],ENST00000269305,4,True,p.Glu2Lys,c.4G>A,p.Glu2Lys,missense_variant,Glu,2,Lys,NA,NA,NA,1.0,250510.0,3.991856612510478e-06,NA,NA,NA
